run_id,mode,stages,scenario,stage_id,stage_name,component,stage_active,latency_ms,latency_metric,secondary_latency_ms,secondary_metric,count_metric,count_value,quality_metric,quality_value,notes,artifact_dir
20260602T200405-opt_base_all_nodes_backend-1,opt_base_all_nodes_backend,1+2,optimization-baseline-all-nodes-backend,01,collect,Accessibility Service,yes,803,collect_ms,1,candidate_parallel_wait_ms,screen_candidates,14,node_count,8,candidate extraction and visible-node traversal,/private/tmp/chungmaru-android-pipeline-benchmark-20260602T200405/runs/20260602T200405-opt_base_all_nodes_backend-1
20260602T200405-opt_base_all_nodes_backend-1,opt_base_all_nodes_backend,1+2,optimization-baseline-all-nodes-backend,02,analyze,Android Analysis API,yes,1013,backend_api_ms,23,backend_e2e_ms,offensive,1,filtered,0,backend/API analysis and masking decision,/private/tmp/chungmaru-android-pipeline-benchmark-20260602T200405/runs/20260602T200405-opt_base_all_nodes_backend-1
20260602T200405-opt_base_all_nodes_backend-1,opt_base_all_nodes_backend,1+2,optimization-baseline-all-nodes-backend,03,ocr_roi,OCR ROI,no,,ocr_ms,,,visual_roi_selected,,visual_ocr_selected,,stage disabled in this mode,/private/tmp/chungmaru-android-pipeline-benchmark-20260602T200405/runs/20260602T200405-opt_base_all_nodes_backend-1
20260602T200405-opt_base_all_nodes_backend-1,opt_base_all_nodes_backend,1+2,optimization-baseline-all-nodes-backend,04,coordinate,char box / line estimate,no,,coord_ms,,candidate_parallel_wait_ms,char_range_candidates,,overlay_candidates,,stage disabled in this mode,/private/tmp/chungmaru-android-pipeline-benchmark-20260602T200405/runs/20260602T200405-opt_base_all_nodes_backend-1
20260602T200405-opt_base_all_nodes_backend-1,opt_base_all_nodes_backend,1+2,optimization-baseline-all-nodes-backend,05,display,overlay gate,no,,display_ms,,,overlay_rendered,,visual_ocr_raw,,stage disabled in this mode,/private/tmp/chungmaru-android-pipeline-benchmark-20260602T200405/runs/20260602T200405-opt_base_all_nodes_backend-1
20260602T200405-opt_base_all_nodes_backend-2,opt_base_all_nodes_backend,1+2,optimization-baseline-all-nodes-backend,01,collect,Accessibility Service,yes,689,collect_ms,1,candidate_parallel_wait_ms,screen_candidates,14,node_count,8,candidate extraction and visible-node traversal,/private/tmp/chungmaru-android-pipeline-benchmark-20260602T200405/runs/20260602T200405-opt_base_all_nodes_backend-2
20260602T200405-opt_base_all_nodes_backend-2,opt_base_all_nodes_backend,1+2,optimization-baseline-all-nodes-backend,02,analyze,Android Analysis API,yes,277,backend_api_ms,13,backend_e2e_ms,offensive,1,filtered,0,backend/API analysis and masking decision,/private/tmp/chungmaru-android-pipeline-benchmark-20260602T200405/runs/20260602T200405-opt_base_all_nodes_backend-2
20260602T200405-opt_base_all_nodes_backend-2,opt_base_all_nodes_backend,1+2,optimization-baseline-all-nodes-backend,03,ocr_roi,OCR ROI,no,,ocr_ms,,,visual_roi_selected,,visual_ocr_selected,,stage disabled in this mode,/private/tmp/chungmaru-android-pipeline-benchmark-20260602T200405/runs/20260602T200405-opt_base_all_nodes_backend-2
20260602T200405-opt_base_all_nodes_backend-2,opt_base_all_nodes_backend,1+2,optimization-baseline-all-nodes-backend,04,coordinate,char box / line estimate,no,,coord_ms,,candidate_parallel_wait_ms,char_range_candidates,,overlay_candidates,,stage disabled in this mode,/private/tmp/chungmaru-android-pipeline-benchmark-20260602T200405/runs/20260602T200405-opt_base_all_nodes_backend-2
20260602T200405-opt_base_all_nodes_backend-2,opt_base_all_nodes_backend,1+2,optimization-baseline-all-nodes-backend,05,display,overlay gate,no,,display_ms,,,overlay_rendered,,visual_ocr_raw,,stage disabled in this mode,/private/tmp/chungmaru-android-pipeline-benchmark-20260602T200405/runs/20260602T200405-opt_base_all_nodes_backend-2
20260602T200405-opt_base_all_nodes_backend-3,opt_base_all_nodes_backend,1+2,optimization-baseline-all-nodes-backend,01,collect,Accessibility Service,yes,899,collect_ms,0,candidate_parallel_wait_ms,screen_candidates,14,node_count,8,candidate extraction and visible-node traversal,/private/tmp/chungmaru-android-pipeline-benchmark-20260602T200405/runs/20260602T200405-opt_base_all_nodes_backend-3
20260602T200405-opt_base_all_nodes_backend-3,opt_base_all_nodes_backend,1+2,optimization-baseline-all-nodes-backend,02,analyze,Android Analysis API,yes,273,backend_api_ms,13,backend_e2e_ms,offensive,1,filtered,0,backend/API analysis and masking decision,/private/tmp/chungmaru-android-pipeline-benchmark-20260602T200405/runs/20260602T200405-opt_base_all_nodes_backend-3
20260602T200405-opt_base_all_nodes_backend-3,opt_base_all_nodes_backend,1+2,optimization-baseline-all-nodes-backend,03,ocr_roi,OCR ROI,no,,ocr_ms,,,visual_roi_selected,,visual_ocr_selected,,stage disabled in this mode,/private/tmp/chungmaru-android-pipeline-benchmark-20260602T200405/runs/20260602T200405-opt_base_all_nodes_backend-3
20260602T200405-opt_base_all_nodes_backend-3,opt_base_all_nodes_backend,1+2,optimization-baseline-all-nodes-backend,04,coordinate,char box / line estimate,no,,coord_ms,,candidate_parallel_wait_ms,char_range_candidates,,overlay_candidates,,stage disabled in this mode,/private/tmp/chungmaru-android-pipeline-benchmark-20260602T200405/runs/20260602T200405-opt_base_all_nodes_backend-3
20260602T200405-opt_base_all_nodes_backend-3,opt_base_all_nodes_backend,1+2,optimization-baseline-all-nodes-backend,05,display,overlay gate,no,,display_ms,,,overlay_rendered,,visual_ocr_raw,,stage disabled in this mode,/private/tmp/chungmaru-android-pipeline-benchmark-20260602T200405/runs/20260602T200405-opt_base_all_nodes_backend-3
20260602T200405-opt_base_all_nodes_backend-4,opt_base_all_nodes_backend,1+2,optimization-baseline-all-nodes-backend,01,collect,Accessibility Service,yes,446,collect_ms,1,candidate_parallel_wait_ms,screen_candidates,14,node_count,8,candidate extraction and visible-node traversal,/private/tmp/chungmaru-android-pipeline-benchmark-20260602T200405/runs/20260602T200405-opt_base_all_nodes_backend-4
20260602T200405-opt_base_all_nodes_backend-4,opt_base_all_nodes_backend,1+2,optimization-baseline-all-nodes-backend,02,analyze,Android Analysis API,yes,232,backend_api_ms,11,backend_e2e_ms,offensive,1,filtered,0,backend/API analysis and masking decision,/private/tmp/chungmaru-android-pipeline-benchmark-20260602T200405/runs/20260602T200405-opt_base_all_nodes_backend-4
20260602T200405-opt_base_all_nodes_backend-4,opt_base_all_nodes_backend,1+2,optimization-baseline-all-nodes-backend,03,ocr_roi,OCR ROI,no,,ocr_ms,,,visual_roi_selected,,visual_ocr_selected,,stage disabled in this mode,/private/tmp/chungmaru-android-pipeline-benchmark-20260602T200405/runs/20260602T200405-opt_base_all_nodes_backend-4
20260602T200405-opt_base_all_nodes_backend-4,opt_base_all_nodes_backend,1+2,optimization-baseline-all-nodes-backend,04,coordinate,char box / line estimate,no,,coord_ms,,candidate_parallel_wait_ms,char_range_candidates,,overlay_candidates,,stage disabled in this mode,/private/tmp/chungmaru-android-pipeline-benchmark-20260602T200405/runs/20260602T200405-opt_base_all_nodes_backend-4
20260602T200405-opt_base_all_nodes_backend-4,opt_base_all_nodes_backend,1+2,optimization-baseline-all-nodes-backend,05,display,overlay gate,no,,display_ms,,,overlay_rendered,,visual_ocr_raw,,stage disabled in this mode,/private/tmp/chungmaru-android-pipeline-benchmark-20260602T200405/runs/20260602T200405-opt_base_all_nodes_backend-4
20260602T200405-opt_base_all_nodes_backend-5,opt_base_all_nodes_backend,1+2,optimization-baseline-all-nodes-backend,01,collect,Accessibility Service,yes,460,collect_ms,0,candidate_parallel_wait_ms,screen_candidates,14,node_count,8,candidate extraction and visible-node traversal,/private/tmp/chungmaru-android-pipeline-benchmark-20260602T200405/runs/20260602T200405-opt_base_all_nodes_backend-5
20260602T200405-opt_base_all_nodes_backend-5,opt_base_all_nodes_backend,1+2,optimization-baseline-all-nodes-backend,02,analyze,Android Analysis API,yes,301,backend_api_ms,24,backend_e2e_ms,offensive,1,filtered,0,backend/API analysis and masking decision,/private/tmp/chungmaru-android-pipeline-benchmark-20260602T200405/runs/20260602T200405-opt_base_all_nodes_backend-5
20260602T200405-opt_base_all_nodes_backend-5,opt_base_all_nodes_backend,1+2,optimization-baseline-all-nodes-backend,03,ocr_roi,OCR ROI,no,,ocr_ms,,,visual_roi_selected,,visual_ocr_selected,,stage disabled in this mode,/private/tmp/chungmaru-android-pipeline-benchmark-20260602T200405/runs/20260602T200405-opt_base_all_nodes_backend-5
20260602T200405-opt_base_all_nodes_backend-5,opt_base_all_nodes_backend,1+2,optimization-baseline-all-nodes-backend,04,coordinate,char box / line estimate,no,,coord_ms,,candidate_parallel_wait_ms,char_range_candidates,,overlay_candidates,,stage disabled in this mode,/private/tmp/chungmaru-android-pipeline-benchmark-20260602T200405/runs/20260602T200405-opt_base_all_nodes_backend-5
20260602T200405-opt_base_all_nodes_backend-5,opt_base_all_nodes_backend,1+2,optimization-baseline-all-nodes-backend,05,display,overlay gate,no,,display_ms,,,overlay_rendered,,visual_ocr_raw,,stage disabled in this mode,/private/tmp/chungmaru-android-pipeline-benchmark-20260602T200405/runs/20260602T200405-opt_base_all_nodes_backend-5
20260602T200405-opt_base_all_nodes_backend-6,opt_base_all_nodes_backend,1+2,optimization-baseline-all-nodes-backend,01,collect,Accessibility Service,yes,446,collect_ms,1,candidate_parallel_wait_ms,screen_candidates,14,node_count,8,candidate extraction and visible-node traversal,/private/tmp/chungmaru-android-pipeline-benchmark-20260602T200405/runs/20260602T200405-opt_base_all_nodes_backend-6
20260602T200405-opt_base_all_nodes_backend-6,opt_base_all_nodes_backend,1+2,optimization-baseline-all-nodes-backend,02,analyze,Android Analysis API,yes,1155,backend_api_ms,27,backend_e2e_ms,offensive,1,filtered,0,backend/API analysis and masking decision,/private/tmp/chungmaru-android-pipeline-benchmark-20260602T200405/runs/20260602T200405-opt_base_all_nodes_backend-6
20260602T200405-opt_base_all_nodes_backend-6,opt_base_all_nodes_backend,1+2,optimization-baseline-all-nodes-backend,03,ocr_roi,OCR ROI,no,,ocr_ms,,,visual_roi_selected,,visual_ocr_selected,,stage disabled in this mode,/private/tmp/chungmaru-android-pipeline-benchmark-20260602T200405/runs/20260602T200405-opt_base_all_nodes_backend-6
20260602T200405-opt_base_all_nodes_backend-6,opt_base_all_nodes_backend,1+2,optimization-baseline-all-nodes-backend,04,coordinate,char box / line estimate,no,,coord_ms,,candidate_parallel_wait_ms,char_range_candidates,,overlay_candidates,,stage disabled in this mode,/private/tmp/chungmaru-android-pipeline-benchmark-20260602T200405/runs/20260602T200405-opt_base_all_nodes_backend-6
20260602T200405-opt_base_all_nodes_backend-6,opt_base_all_nodes_backend,1+2,optimization-baseline-all-nodes-backend,05,display,overlay gate,no,,display_ms,,,overlay_rendered,,visual_ocr_raw,,stage disabled in this mode,/private/tmp/chungmaru-android-pipeline-benchmark-20260602T200405/runs/20260602T200405-opt_base_all_nodes_backend-6
20260602T200405-opt_base_all_nodes_backend-7,opt_base_all_nodes_backend,1+2,optimization-baseline-all-nodes-backend,01,collect,Accessibility Service,yes,643,collect_ms,3,candidate_parallel_wait_ms,screen_candidates,14,node_count,8,candidate extraction and visible-node traversal,/private/tmp/chungmaru-android-pipeline-benchmark-20260602T200405/runs/20260602T200405-opt_base_all_nodes_backend-7
20260602T200405-opt_base_all_nodes_backend-7,opt_base_all_nodes_backend,1+2,optimization-baseline-all-nodes-backend,02,analyze,Android Analysis API,yes,886,backend_api_ms,41,backend_e2e_ms,offensive,1,filtered,0,backend/API analysis and masking decision,/private/tmp/chungmaru-android-pipeline-benchmark-20260602T200405/runs/20260602T200405-opt_base_all_nodes_backend-7
20260602T200405-opt_base_all_nodes_backend-7,opt_base_all_nodes_backend,1+2,optimization-baseline-all-nodes-backend,03,ocr_roi,OCR ROI,no,,ocr_ms,,,visual_roi_selected,,visual_ocr_selected,,stage disabled in this mode,/private/tmp/chungmaru-android-pipeline-benchmark-20260602T200405/runs/20260602T200405-opt_base_all_nodes_backend-7
20260602T200405-opt_base_all_nodes_backend-7,opt_base_all_nodes_backend,1+2,optimization-baseline-all-nodes-backend,04,coordinate,char box / line estimate,no,,coord_ms,,candidate_parallel_wait_ms,char_range_candidates,,overlay_candidates,,stage disabled in this mode,/private/tmp/chungmaru-android-pipeline-benchmark-20260602T200405/runs/20260602T200405-opt_base_all_nodes_backend-7
20260602T200405-opt_base_all_nodes_backend-7,opt_base_all_nodes_backend,1+2,optimization-baseline-all-nodes-backend,05,display,overlay gate,no,,display_ms,,,overlay_rendered,,visual_ocr_raw,,stage disabled in this mode,/private/tmp/chungmaru-android-pipeline-benchmark-20260602T200405/runs/20260602T200405-opt_base_all_nodes_backend-7
20260602T200405-opt_base_all_nodes_backend-8,opt_base_all_nodes_backend,1+2,optimization-baseline-all-nodes-backend,01,collect,Accessibility Service,yes,635,collect_ms,1,candidate_parallel_wait_ms,screen_candidates,14,node_count,8,candidate extraction and visible-node traversal,/private/tmp/chungmaru-android-pipeline-benchmark-20260602T200405/runs/20260602T200405-opt_base_all_nodes_backend-8
20260602T200405-opt_base_all_nodes_backend-8,opt_base_all_nodes_backend,1+2,optimization-baseline-all-nodes-backend,02,analyze,Android Analysis API,yes,518,backend_api_ms,27,backend_e2e_ms,offensive,1,filtered,0,backend/API analysis and masking decision,/private/tmp/chungmaru-android-pipeline-benchmark-20260602T200405/runs/20260602T200405-opt_base_all_nodes_backend-8
20260602T200405-opt_base_all_nodes_backend-8,opt_base_all_nodes_backend,1+2,optimization-baseline-all-nodes-backend,03,ocr_roi,OCR ROI,no,,ocr_ms,,,visual_roi_selected,,visual_ocr_selected,,stage disabled in this mode,/private/tmp/chungmaru-android-pipeline-benchmark-20260602T200405/runs/20260602T200405-opt_base_all_nodes_backend-8
20260602T200405-opt_base_all_nodes_backend-8,opt_base_all_nodes_backend,1+2,optimization-baseline-all-nodes-backend,04,coordinate,char box / line estimate,no,,coord_ms,,candidate_parallel_wait_ms,char_range_candidates,,overlay_candidates,,stage disabled in this mode,/private/tmp/chungmaru-android-pipeline-benchmark-20260602T200405/runs/20260602T200405-opt_base_all_nodes_backend-8
20260602T200405-opt_base_all_nodes_backend-8,opt_base_all_nodes_backend,1+2,optimization-baseline-all-nodes-backend,05,display,overlay gate,no,,display_ms,,,overlay_rendered,,visual_ocr_raw,,stage disabled in this mode,/private/tmp/chungmaru-android-pipeline-benchmark-20260602T200405/runs/20260602T200405-opt_base_all_nodes_backend-8
20260602T200405-opt_base_all_nodes_backend-9,opt_base_all_nodes_backend,1+2,optimization-baseline-all-nodes-backend,01,collect,Accessibility Service,yes,694,collect_ms,0,candidate_parallel_wait_ms,screen_candidates,14,node_count,8,candidate extraction and visible-node traversal,/private/tmp/chungmaru-android-pipeline-benchmark-20260602T200405/runs/20260602T200405-opt_base_all_nodes_backend-9
20260602T200405-opt_base_all_nodes_backend-9,opt_base_all_nodes_backend,1+2,optimization-baseline-all-nodes-backend,02,analyze,Android Analysis API,yes,481,backend_api_ms,27,backend_e2e_ms,offensive,1,filtered,0,backend/API analysis and masking decision,/private/tmp/chungmaru-android-pipeline-benchmark-20260602T200405/runs/20260602T200405-opt_base_all_nodes_backend-9
20260602T200405-opt_base_all_nodes_backend-9,opt_base_all_nodes_backend,1+2,optimization-baseline-all-nodes-backend,03,ocr_roi,OCR ROI,no,,ocr_ms,,,visual_roi_selected,,visual_ocr_selected,,stage disabled in this mode,/private/tmp/chungmaru-android-pipeline-benchmark-20260602T200405/runs/20260602T200405-opt_base_all_nodes_backend-9
20260602T200405-opt_base_all_nodes_backend-9,opt_base_all_nodes_backend,1+2,optimization-baseline-all-nodes-backend,04,coordinate,char box / line estimate,no,,coord_ms,,candidate_parallel_wait_ms,char_range_candidates,,overlay_candidates,,stage disabled in this mode,/private/tmp/chungmaru-android-pipeline-benchmark-20260602T200405/runs/20260602T200405-opt_base_all_nodes_backend-9
20260602T200405-opt_base_all_nodes_backend-9,opt_base_all_nodes_backend,1+2,optimization-baseline-all-nodes-backend,05,display,overlay gate,no,,display_ms,,,overlay_rendered,,visual_ocr_raw,,stage disabled in this mode,/private/tmp/chungmaru-android-pipeline-benchmark-20260602T200405/runs/20260602T200405-opt_base_all_nodes_backend-9
20260602T200405-opt_base_all_nodes_backend-10,opt_base_all_nodes_backend,1+2,optimization-baseline-all-nodes-backend,01,collect,Accessibility Service,yes,856,collect_ms,1,candidate_parallel_wait_ms,screen_candidates,14,node_count,8,candidate extraction and visible-node traversal,/private/tmp/chungmaru-android-pipeline-benchmark-20260602T200405/runs/20260602T200405-opt_base_all_nodes_backend-10
20260602T200405-opt_base_all_nodes_backend-10,opt_base_all_nodes_backend,1+2,optimization-baseline-all-nodes-backend,02,analyze,Android Analysis API,yes,327,backend_api_ms,26,backend_e2e_ms,offensive,1,filtered,0,backend/API analysis and masking decision,/private/tmp/chungmaru-android-pipeline-benchmark-20260602T200405/runs/20260602T200405-opt_base_all_nodes_backend-10
20260602T200405-opt_base_all_nodes_backend-10,opt_base_all_nodes_backend,1+2,optimization-baseline-all-nodes-backend,03,ocr_roi,OCR ROI,no,,ocr_ms,,,visual_roi_selected,,visual_ocr_selected,,stage disabled in this mode,/private/tmp/chungmaru-android-pipeline-benchmark-20260602T200405/runs/20260602T200405-opt_base_all_nodes_backend-10
20260602T200405-opt_base_all_nodes_backend-10,opt_base_all_nodes_backend,1+2,optimization-baseline-all-nodes-backend,04,coordinate,char box / line estimate,no,,coord_ms,,candidate_parallel_wait_ms,char_range_candidates,,overlay_candidates,,stage disabled in this mode,/private/tmp/chungmaru-android-pipeline-benchmark-20260602T200405/runs/20260602T200405-opt_base_all_nodes_backend-10
20260602T200405-opt_base_all_nodes_backend-10,opt_base_all_nodes_backend,1+2,optimization-baseline-all-nodes-backend,05,display,overlay gate,no,,display_ms,,,overlay_rendered,,visual_ocr_raw,,stage disabled in this mode,/private/tmp/chungmaru-android-pipeline-benchmark-20260602T200405/runs/20260602T200405-opt_base_all_nodes_backend-10
20260602T200405-s12_collect_backend-1,s12_collect_backend,1+2,pipeline-01-02,01,collect,Accessibility Service,yes,629,collect_ms,2,candidate_parallel_wait_ms,screen_candidates,14,node_count,8,candidate extraction and visible-node traversal,/private/tmp/chungmaru-android-pipeline-benchmark-20260602T200405/runs/20260602T200405-s12_collect_backend-1
20260602T200405-s12_collect_backend-1,s12_collect_backend,1+2,pipeline-01-02,02,analyze,Android Analysis API,yes,278,backend_api_ms,13,backend_e2e_ms,offensive,1,filtered,0,backend/API analysis and masking decision,/private/tmp/chungmaru-android-pipeline-benchmark-20260602T200405/runs/20260602T200405-s12_collect_backend-1
20260602T200405-s12_collect_backend-1,s12_collect_backend,1+2,pipeline-01-02,03,ocr_roi,OCR ROI,no,,ocr_ms,,,visual_roi_selected,,visual_ocr_selected,,stage disabled in this mode,/private/tmp/chungmaru-android-pipeline-benchmark-20260602T200405/runs/20260602T200405-s12_collect_backend-1
20260602T200405-s12_collect_backend-1,s12_collect_backend,1+2,pipeline-01-02,04,coordinate,char box / line estimate,no,,coord_ms,,candidate_parallel_wait_ms,char_range_candidates,,overlay_candidates,,stage disabled in this mode,/private/tmp/chungmaru-android-pipeline-benchmark-20260602T200405/runs/20260602T200405-s12_collect_backend-1
20260602T200405-s12_collect_backend-1,s12_collect_backend,1+2,pipeline-01-02,05,display,overlay gate,no,,display_ms,,,overlay_rendered,,visual_ocr_raw,,stage disabled in this mode,/private/tmp/chungmaru-android-pipeline-benchmark-20260602T200405/runs/20260602T200405-s12_collect_backend-1
20260602T200405-s12_collect_backend-2,s12_collect_backend,1+2,pipeline-01-02,01,collect,Accessibility Service,yes,527,collect_ms,3,candidate_parallel_wait_ms,screen_candidates,14,node_count,8,candidate extraction and visible-node traversal,/private/tmp/chungmaru-android-pipeline-benchmark-20260602T200405/runs/20260602T200405-s12_collect_backend-2
20260602T200405-s12_collect_backend-2,s12_collect_backend,1+2,pipeline-01-02,02,analyze,Android Analysis API,yes,181,backend_api_ms,34,backend_e2e_ms,offensive,1,filtered,0,backend/API analysis and masking decision,/private/tmp/chungmaru-android-pipeline-benchmark-20260602T200405/runs/20260602T200405-s12_collect_backend-2
20260602T200405-s12_collect_backend-2,s12_collect_backend,1+2,pipeline-01-02,03,ocr_roi,OCR ROI,no,,ocr_ms,,,visual_roi_selected,,visual_ocr_selected,,stage disabled in this mode,/private/tmp/chungmaru-android-pipeline-benchmark-20260602T200405/runs/20260602T200405-s12_collect_backend-2
20260602T200405-s12_collect_backend-2,s12_collect_backend,1+2,pipeline-01-02,04,coordinate,char box / line estimate,no,,coord_ms,,candidate_parallel_wait_ms,char_range_candidates,,overlay_candidates,,stage disabled in this mode,/private/tmp/chungmaru-android-pipeline-benchmark-20260602T200405/runs/20260602T200405-s12_collect_backend-2
20260602T200405-s12_collect_backend-2,s12_collect_backend,1+2,pipeline-01-02,05,display,overlay gate,no,,display_ms,,,overlay_rendered,,visual_ocr_raw,,stage disabled in this mode,/private/tmp/chungmaru-android-pipeline-benchmark-20260602T200405/runs/20260602T200405-s12_collect_backend-2
20260602T200405-s12_collect_backend-3,s12_collect_backend,1+2,pipeline-01-02,01,collect,Accessibility Service,yes,777,collect_ms,2,candidate_parallel_wait_ms,screen_candidates,14,node_count,8,candidate extraction and visible-node traversal,/private/tmp/chungmaru-android-pipeline-benchmark-20260602T200405/runs/20260602T200405-s12_collect_backend-3
20260602T200405-s12_collect_backend-3,s12_collect_backend,1+2,pipeline-01-02,02,analyze,Android Analysis API,yes,214,backend_api_ms,29,backend_e2e_ms,offensive,1,filtered,0,backend/API analysis and masking decision,/private/tmp/chungmaru-android-pipeline-benchmark-20260602T200405/runs/20260602T200405-s12_collect_backend-3
20260602T200405-s12_collect_backend-3,s12_collect_backend,1+2,pipeline-01-02,03,ocr_roi,OCR ROI,no,,ocr_ms,,,visual_roi_selected,,visual_ocr_selected,,stage disabled in this mode,/private/tmp/chungmaru-android-pipeline-benchmark-20260602T200405/runs/20260602T200405-s12_collect_backend-3
20260602T200405-s12_collect_backend-3,s12_collect_backend,1+2,pipeline-01-02,04,coordinate,char box / line estimate,no,,coord_ms,,candidate_parallel_wait_ms,char_range_candidates,,overlay_candidates,,stage disabled in this mode,/private/tmp/chungmaru-android-pipeline-benchmark-20260602T200405/runs/20260602T200405-s12_collect_backend-3
20260602T200405-s12_collect_backend-3,s12_collect_backend,1+2,pipeline-01-02,05,display,overlay gate,no,,display_ms,,,overlay_rendered,,visual_ocr_raw,,stage disabled in this mode,/private/tmp/chungmaru-android-pipeline-benchmark-20260602T200405/runs/20260602T200405-s12_collect_backend-3
20260602T200405-s12_collect_backend-4,s12_collect_backend,1+2,pipeline-01-02,01,collect,Accessibility Service,yes,338,collect_ms,5,candidate_parallel_wait_ms,screen_candidates,14,node_count,8,candidate extraction and visible-node traversal,/private/tmp/chungmaru-android-pipeline-benchmark-20260602T200405/runs/20260602T200405-s12_collect_backend-4
20260602T200405-s12_collect_backend-4,s12_collect_backend,1+2,pipeline-01-02,02,analyze,Android Analysis API,yes,190,backend_api_ms,33,backend_e2e_ms,offensive,1,filtered,0,backend/API analysis and masking decision,/private/tmp/chungmaru-android-pipeline-benchmark-20260602T200405/runs/20260602T200405-s12_collect_backend-4
20260602T200405-s12_collect_backend-4,s12_collect_backend,1+2,pipeline-01-02,03,ocr_roi,OCR ROI,no,,ocr_ms,,,visual_roi_selected,,visual_ocr_selected,,stage disabled in this mode,/private/tmp/chungmaru-android-pipeline-benchmark-20260602T200405/runs/20260602T200405-s12_collect_backend-4
20260602T200405-s12_collect_backend-4,s12_collect_backend,1+2,pipeline-01-02,04,coordinate,char box / line estimate,no,,coord_ms,,candidate_parallel_wait_ms,char_range_candidates,,overlay_candidates,,stage disabled in this mode,/private/tmp/chungmaru-android-pipeline-benchmark-20260602T200405/runs/20260602T200405-s12_collect_backend-4
20260602T200405-s12_collect_backend-4,s12_collect_backend,1+2,pipeline-01-02,05,display,overlay gate,no,,display_ms,,,overlay_rendered,,visual_ocr_raw,,stage disabled in this mode,/private/tmp/chungmaru-android-pipeline-benchmark-20260602T200405/runs/20260602T200405-s12_collect_backend-4
20260602T200405-s12_collect_backend-5,s12_collect_backend,1+2,pipeline-01-02,01,collect,Accessibility Service,yes,472,collect_ms,3,candidate_parallel_wait_ms,screen_candidates,14,node_count,8,candidate extraction and visible-node traversal,/private/tmp/chungmaru-android-pipeline-benchmark-20260602T200405/runs/20260602T200405-s12_collect_backend-5
20260602T200405-s12_collect_backend-5,s12_collect_backend,1+2,pipeline-01-02,02,analyze,Android Analysis API,yes,159,backend_api_ms,29,backend_e2e_ms,offensive,1,filtered,0,backend/API analysis and masking decision,/private/tmp/chungmaru-android-pipeline-benchmark-20260602T200405/runs/20260602T200405-s12_collect_backend-5
20260602T200405-s12_collect_backend-5,s12_collect_backend,1+2,pipeline-01-02,03,ocr_roi,OCR ROI,no,,ocr_ms,,,visual_roi_selected,,visual_ocr_selected,,stage disabled in this mode,/private/tmp/chungmaru-android-pipeline-benchmark-20260602T200405/runs/20260602T200405-s12_collect_backend-5
20260602T200405-s12_collect_backend-5,s12_collect_backend,1+2,pipeline-01-02,04,coordinate,char box / line estimate,no,,coord_ms,,candidate_parallel_wait_ms,char_range_candidates,,overlay_candidates,,stage disabled in this mode,/private/tmp/chungmaru-android-pipeline-benchmark-20260602T200405/runs/20260602T200405-s12_collect_backend-5
20260602T200405-s12_collect_backend-5,s12_collect_backend,1+2,pipeline-01-02,05,display,overlay gate,no,,display_ms,,,overlay_rendered,,visual_ocr_raw,,stage disabled in this mode,/private/tmp/chungmaru-android-pipeline-benchmark-20260602T200405/runs/20260602T200405-s12_collect_backend-5
20260602T200405-s12_collect_backend-6,s12_collect_backend,1+2,pipeline-01-02,01,collect,Accessibility Service,yes,640,collect_ms,3,candidate_parallel_wait_ms,screen_candidates,14,node_count,8,candidate extraction and visible-node traversal,/private/tmp/chungmaru-android-pipeline-benchmark-20260602T200405/runs/20260602T200405-s12_collect_backend-6
20260602T200405-s12_collect_backend-6,s12_collect_backend,1+2,pipeline-01-02,02,analyze,Android Analysis API,yes,178,backend_api_ms,27,backend_e2e_ms,offensive,1,filtered,0,backend/API analysis and masking decision,/private/tmp/chungmaru-android-pipeline-benchmark-20260602T200405/runs/20260602T200405-s12_collect_backend-6
20260602T200405-s12_collect_backend-6,s12_collect_backend,1+2,pipeline-01-02,03,ocr_roi,OCR ROI,no,,ocr_ms,,,visual_roi_selected,,visual_ocr_selected,,stage disabled in this mode,/private/tmp/chungmaru-android-pipeline-benchmark-20260602T200405/runs/20260602T200405-s12_collect_backend-6
20260602T200405-s12_collect_backend-6,s12_collect_backend,1+2,pipeline-01-02,04,coordinate,char box / line estimate,no,,coord_ms,,candidate_parallel_wait_ms,char_range_candidates,,overlay_candidates,,stage disabled in this mode,/private/tmp/chungmaru-android-pipeline-benchmark-20260602T200405/runs/20260602T200405-s12_collect_backend-6
20260602T200405-s12_collect_backend-6,s12_collect_backend,1+2,pipeline-01-02,05,display,overlay gate,no,,display_ms,,,overlay_rendered,,visual_ocr_raw,,stage disabled in this mode,/private/tmp/chungmaru-android-pipeline-benchmark-20260602T200405/runs/20260602T200405-s12_collect_backend-6
20260602T200405-s12_collect_backend-7,s12_collect_backend,1+2,pipeline-01-02,01,collect,Accessibility Service,yes,407,collect_ms,2,candidate_parallel_wait_ms,screen_candidates,14,node_count,8,candidate extraction and visible-node traversal,/private/tmp/chungmaru-android-pipeline-benchmark-20260602T200405/runs/20260602T200405-s12_collect_backend-7
20260602T200405-s12_collect_backend-7,s12_collect_backend,1+2,pipeline-01-02,02,analyze,Android Analysis API,yes,237,backend_api_ms,14,backend_e2e_ms,offensive,1,filtered,0,backend/API analysis and masking decision,/private/tmp/chungmaru-android-pipeline-benchmark-20260602T200405/runs/20260602T200405-s12_collect_backend-7
20260602T200405-s12_collect_backend-7,s12_collect_backend,1+2,pipeline-01-02,03,ocr_roi,OCR ROI,no,,ocr_ms,,,visual_roi_selected,,visual_ocr_selected,,stage disabled in this mode,/private/tmp/chungmaru-android-pipeline-benchmark-20260602T200405/runs/20260602T200405-s12_collect_backend-7
20260602T200405-s12_collect_backend-7,s12_collect_backend,1+2,pipeline-01-02,04,coordinate,char box / line estimate,no,,coord_ms,,candidate_parallel_wait_ms,char_range_candidates,,overlay_candidates,,stage disabled in this mode,/private/tmp/chungmaru-android-pipeline-benchmark-20260602T200405/runs/20260602T200405-s12_collect_backend-7
20260602T200405-s12_collect_backend-7,s12_collect_backend,1+2,pipeline-01-02,05,display,overlay gate,no,,display_ms,,,overlay_rendered,,visual_ocr_raw,,stage disabled in this mode,/private/tmp/chungmaru-android-pipeline-benchmark-20260602T200405/runs/20260602T200405-s12_collect_backend-7
20260602T200405-s12_collect_backend-8,s12_collect_backend,1+2,pipeline-01-02,01,collect,Accessibility Service,yes,533,collect_ms,2,candidate_parallel_wait_ms,screen_candidates,14,node_count,8,candidate extraction and visible-node traversal,/private/tmp/chungmaru-android-pipeline-benchmark-20260602T200405/runs/20260602T200405-s12_collect_backend-8
20260602T200405-s12_collect_backend-8,s12_collect_backend,1+2,pipeline-01-02,02,analyze,Android Analysis API,yes,174,backend_api_ms,14,backend_e2e_ms,offensive,1,filtered,0,backend/API analysis and masking decision,/private/tmp/chungmaru-android-pipeline-benchmark-20260602T200405/runs/20260602T200405-s12_collect_backend-8
20260602T200405-s12_collect_backend-8,s12_collect_backend,1+2,pipeline-01-02,03,ocr_roi,OCR ROI,no,,ocr_ms,,,visual_roi_selected,,visual_ocr_selected,,stage disabled in this mode,/private/tmp/chungmaru-android-pipeline-benchmark-20260602T200405/runs/20260602T200405-s12_collect_backend-8
20260602T200405-s12_collect_backend-8,s12_collect_backend,1+2,pipeline-01-02,04,coordinate,char box / line estimate,no,,coord_ms,,candidate_parallel_wait_ms,char_range_candidates,,overlay_candidates,,stage disabled in this mode,/private/tmp/chungmaru-android-pipeline-benchmark-20260602T200405/runs/20260602T200405-s12_collect_backend-8
20260602T200405-s12_collect_backend-8,s12_collect_backend,1+2,pipeline-01-02,05,display,overlay gate,no,,display_ms,,,overlay_rendered,,visual_ocr_raw,,stage disabled in this mode,/private/tmp/chungmaru-android-pipeline-benchmark-20260602T200405/runs/20260602T200405-s12_collect_backend-8
20260602T200405-s12_collect_backend-9,s12_collect_backend,1+2,pipeline-01-02,01,collect,Accessibility Service,yes,427,collect_ms,3,candidate_parallel_wait_ms,screen_candidates,14,node_count,8,candidate extraction and visible-node traversal,/private/tmp/chungmaru-android-pipeline-benchmark-20260602T200405/runs/20260602T200405-s12_collect_backend-9
20260602T200405-s12_collect_backend-9,s12_collect_backend,1+2,pipeline-01-02,02,analyze,Android Analysis API,yes,188,backend_api_ms,17,backend_e2e_ms,offensive,1,filtered,0,backend/API analysis and masking decision,/private/tmp/chungmaru-android-pipeline-benchmark-20260602T200405/runs/20260602T200405-s12_collect_backend-9
20260602T200405-s12_collect_backend-9,s12_collect_backend,1+2,pipeline-01-02,03,ocr_roi,OCR ROI,no,,ocr_ms,,,visual_roi_selected,,visual_ocr_selected,,stage disabled in this mode,/private/tmp/chungmaru-android-pipeline-benchmark-20260602T200405/runs/20260602T200405-s12_collect_backend-9
20260602T200405-s12_collect_backend-9,s12_collect_backend,1+2,pipeline-01-02,04,coordinate,char box / line estimate,no,,coord_ms,,candidate_parallel_wait_ms,char_range_candidates,,overlay_candidates,,stage disabled in this mode,/private/tmp/chungmaru-android-pipeline-benchmark-20260602T200405/runs/20260602T200405-s12_collect_backend-9
20260602T200405-s12_collect_backend-9,s12_collect_backend,1+2,pipeline-01-02,05,display,overlay gate,no,,display_ms,,,overlay_rendered,,visual_ocr_raw,,stage disabled in this mode,/private/tmp/chungmaru-android-pipeline-benchmark-20260602T200405/runs/20260602T200405-s12_collect_backend-9
20260602T200405-s12_collect_backend-10,s12_collect_backend,1+2,pipeline-01-02,01,collect,Accessibility Service,yes,443,collect_ms,4,candidate_parallel_wait_ms,screen_candidates,14,node_count,8,candidate extraction and visible-node traversal,/private/tmp/chungmaru-android-pipeline-benchmark-20260602T200405/runs/20260602T200405-s12_collect_backend-10
20260602T200405-s12_collect_backend-10,s12_collect_backend,1+2,pipeline-01-02,02,analyze,Android Analysis API,yes,272,backend_api_ms,19,backend_e2e_ms,offensive,1,filtered,0,backend/API analysis and masking decision,/private/tmp/chungmaru-android-pipeline-benchmark-20260602T200405/runs/20260602T200405-s12_collect_backend-10
20260602T200405-s12_collect_backend-10,s12_collect_backend,1+2,pipeline-01-02,03,ocr_roi,OCR ROI,no,,ocr_ms,,,visual_roi_selected,,visual_ocr_selected,,stage disabled in this mode,/private/tmp/chungmaru-android-pipeline-benchmark-20260602T200405/runs/20260602T200405-s12_collect_backend-10
20260602T200405-s12_collect_backend-10,s12_collect_backend,1+2,pipeline-01-02,04,coordinate,char box / line estimate,no,,coord_ms,,candidate_parallel_wait_ms,char_range_candidates,,overlay_candidates,,stage disabled in this mode,/private/tmp/chungmaru-android-pipeline-benchmark-20260602T200405/runs/20260602T200405-s12_collect_backend-10
20260602T200405-s12_collect_backend-10,s12_collect_backend,1+2,pipeline-01-02,05,display,overlay gate,no,,display_ms,,,overlay_rendered,,visual_ocr_raw,,stage disabled in this mode,/private/tmp/chungmaru-android-pipeline-benchmark-20260602T200405/runs/20260602T200405-s12_collect_backend-10
20260602T200405-opt_base_fullscreen_ocr-1,opt_base_fullscreen_ocr,1+2+3,optimization-baseline-fullscreen-ocr,01,collect,Accessibility Service,yes,2952,collect_ms,,candidate_parallel_wait_ms,screen_candidates,15,node_count,0,candidate extraction and visible-node traversal,/private/tmp/chungmaru-android-pipeline-benchmark-20260602T200405/runs/20260602T200405-opt_base_fullscreen_ocr-1
20260602T200405-opt_base_fullscreen_ocr-1,opt_base_fullscreen_ocr,1+2+3,optimization-baseline-fullscreen-ocr,02,analyze,Android Analysis API,yes,983,backend_api_ms,,backend_e2e_ms,offensive,1,filtered,0,backend/API analysis and masking decision,/private/tmp/chungmaru-android-pipeline-benchmark-20260602T200405/runs/20260602T200405-opt_base_fullscreen_ocr-1
20260602T200405-opt_base_fullscreen_ocr-1,opt_base_fullscreen_ocr,1+2+3,optimization-baseline-fullscreen-ocr,03,ocr_roi,OCR ROI,yes,261,ocr_ms,,,visual_roi_selected,1,visual_ocr_selected,0,ROI-limited OCR supplement,/private/tmp/chungmaru-android-pipeline-benchmark-20260602T200405/runs/20260602T200405-opt_base_fullscreen_ocr-1
20260602T200405-opt_base_fullscreen_ocr-1,opt_base_fullscreen_ocr,1+2+3,optimization-baseline-fullscreen-ocr,04,coordinate,char box / line estimate,no,,coord_ms,,candidate_parallel_wait_ms,char_range_candidates,,overlay_candidates,,stage disabled in this mode,/private/tmp/chungmaru-android-pipeline-benchmark-20260602T200405/runs/20260602T200405-opt_base_fullscreen_ocr-1
20260602T200405-opt_base_fullscreen_ocr-1,opt_base_fullscreen_ocr,1+2+3,optimization-baseline-fullscreen-ocr,05,display,overlay gate,no,,display_ms,,,overlay_rendered,,visual_ocr_raw,,stage disabled in this mode,/private/tmp/chungmaru-android-pipeline-benchmark-20260602T200405/runs/20260602T200405-opt_base_fullscreen_ocr-1
20260602T200405-opt_base_fullscreen_ocr-2,opt_base_fullscreen_ocr,1+2+3,optimization-baseline-fullscreen-ocr,01,collect,Accessibility Service,yes,563,collect_ms,,candidate_parallel_wait_ms,screen_candidates,14,node_count,0,candidate extraction and visible-node traversal,/private/tmp/chungmaru-android-pipeline-benchmark-20260602T200405/runs/20260602T200405-opt_base_fullscreen_ocr-2
20260602T200405-opt_base_fullscreen_ocr-2,opt_base_fullscreen_ocr,1+2+3,optimization-baseline-fullscreen-ocr,02,analyze,Android Analysis API,yes,224,backend_api_ms,,backend_e2e_ms,offensive,1,filtered,0,backend/API analysis and masking decision,/private/tmp/chungmaru-android-pipeline-benchmark-20260602T200405/runs/20260602T200405-opt_base_fullscreen_ocr-2
20260602T200405-opt_base_fullscreen_ocr-2,opt_base_fullscreen_ocr,1+2+3,optimization-baseline-fullscreen-ocr,03,ocr_roi,OCR ROI,yes,159,ocr_ms,,,visual_roi_selected,1,visual_ocr_selected,1,ROI-limited OCR supplement,/private/tmp/chungmaru-android-pipeline-benchmark-20260602T200405/runs/20260602T200405-opt_base_fullscreen_ocr-2
20260602T200405-opt_base_fullscreen_ocr-2,opt_base_fullscreen_ocr,1+2+3,optimization-baseline-fullscreen-ocr,04,coordinate,char box / line estimate,no,,coord_ms,,candidate_parallel_wait_ms,char_range_candidates,,overlay_candidates,,stage disabled in this mode,/private/tmp/chungmaru-android-pipeline-benchmark-20260602T200405/runs/20260602T200405-opt_base_fullscreen_ocr-2
20260602T200405-opt_base_fullscreen_ocr-2,opt_base_fullscreen_ocr,1+2+3,optimization-baseline-fullscreen-ocr,05,display,overlay gate,no,,display_ms,,,overlay_rendered,,visual_ocr_raw,,stage disabled in this mode,/private/tmp/chungmaru-android-pipeline-benchmark-20260602T200405/runs/20260602T200405-opt_base_fullscreen_ocr-2
20260602T200405-opt_base_fullscreen_ocr-3,opt_base_fullscreen_ocr,1+2+3,optimization-baseline-fullscreen-ocr,01,collect,Accessibility Service,yes,716,collect_ms,,candidate_parallel_wait_ms,screen_candidates,14,node_count,0,candidate extraction and visible-node traversal,/private/tmp/chungmaru-android-pipeline-benchmark-20260602T200405/runs/20260602T200405-opt_base_fullscreen_ocr-3
20260602T200405-opt_base_fullscreen_ocr-3,opt_base_fullscreen_ocr,1+2+3,optimization-baseline-fullscreen-ocr,02,analyze,Android Analysis API,yes,235,backend_api_ms,,backend_e2e_ms,offensive,1,filtered,0,backend/API analysis and masking decision,/private/tmp/chungmaru-android-pipeline-benchmark-20260602T200405/runs/20260602T200405-opt_base_fullscreen_ocr-3
20260602T200405-opt_base_fullscreen_ocr-3,opt_base_fullscreen_ocr,1+2+3,optimization-baseline-fullscreen-ocr,03,ocr_roi,OCR ROI,yes,165,ocr_ms,,,visual_roi_selected,1,visual_ocr_selected,0,ROI-limited OCR supplement,/private/tmp/chungmaru-android-pipeline-benchmark-20260602T200405/runs/20260602T200405-opt_base_fullscreen_ocr-3
20260602T200405-opt_base_fullscreen_ocr-3,opt_base_fullscreen_ocr,1+2+3,optimization-baseline-fullscreen-ocr,04,coordinate,char box / line estimate,no,,coord_ms,,candidate_parallel_wait_ms,char_range_candidates,,overlay_candidates,,stage disabled in this mode,/private/tmp/chungmaru-android-pipeline-benchmark-20260602T200405/runs/20260602T200405-opt_base_fullscreen_ocr-3
20260602T200405-opt_base_fullscreen_ocr-3,opt_base_fullscreen_ocr,1+2+3,optimization-baseline-fullscreen-ocr,05,display,overlay gate,no,,display_ms,,,overlay_rendered,,visual_ocr_raw,,stage disabled in this mode,/private/tmp/chungmaru-android-pipeline-benchmark-20260602T200405/runs/20260602T200405-opt_base_fullscreen_ocr-3
20260602T200405-opt_base_fullscreen_ocr-4,opt_base_fullscreen_ocr,1+2+3,optimization-baseline-fullscreen-ocr,01,collect,Accessibility Service,yes,423,collect_ms,,candidate_parallel_wait_ms,screen_candidates,14,node_count,0,candidate extraction and visible-node traversal,/private/tmp/chungmaru-android-pipeline-benchmark-20260602T200405/runs/20260602T200405-opt_base_fullscreen_ocr-4
20260602T200405-opt_base_fullscreen_ocr-4,opt_base_fullscreen_ocr,1+2+3,optimization-baseline-fullscreen-ocr,02,analyze,Android Analysis API,yes,207,backend_api_ms,,backend_e2e_ms,offensive,1,filtered,0,backend/API analysis and masking decision,/private/tmp/chungmaru-android-pipeline-benchmark-20260602T200405/runs/20260602T200405-opt_base_fullscreen_ocr-4
20260602T200405-opt_base_fullscreen_ocr-4,opt_base_fullscreen_ocr,1+2+3,optimization-baseline-fullscreen-ocr,03,ocr_roi,OCR ROI,yes,182,ocr_ms,,,visual_roi_selected,1,visual_ocr_selected,1,ROI-limited OCR supplement,/private/tmp/chungmaru-android-pipeline-benchmark-20260602T200405/runs/20260602T200405-opt_base_fullscreen_ocr-4
20260602T200405-opt_base_fullscreen_ocr-4,opt_base_fullscreen_ocr,1+2+3,optimization-baseline-fullscreen-ocr,04,coordinate,char box / line estimate,no,,coord_ms,,candidate_parallel_wait_ms,char_range_candidates,,overlay_candidates,,stage disabled in this mode,/private/tmp/chungmaru-android-pipeline-benchmark-20260602T200405/runs/20260602T200405-opt_base_fullscreen_ocr-4
20260602T200405-opt_base_fullscreen_ocr-4,opt_base_fullscreen_ocr,1+2+3,optimization-baseline-fullscreen-ocr,05,display,overlay gate,no,,display_ms,,,overlay_rendered,,visual_ocr_raw,,stage disabled in this mode,/private/tmp/chungmaru-android-pipeline-benchmark-20260602T200405/runs/20260602T200405-opt_base_fullscreen_ocr-4
20260602T200405-opt_base_fullscreen_ocr-5,opt_base_fullscreen_ocr,1+2+3,optimization-baseline-fullscreen-ocr,01,collect,Accessibility Service,yes,585,collect_ms,,candidate_parallel_wait_ms,screen_candidates,14,node_count,0,candidate extraction and visible-node traversal,/private/tmp/chungmaru-android-pipeline-benchmark-20260602T200405/runs/20260602T200405-opt_base_fullscreen_ocr-5
20260602T200405-opt_base_fullscreen_ocr-5,opt_base_fullscreen_ocr,1+2+3,optimization-baseline-fullscreen-ocr,02,analyze,Android Analysis API,yes,224,backend_api_ms,,backend_e2e_ms,offensive,1,filtered,0,backend/API analysis and masking decision,/private/tmp/chungmaru-android-pipeline-benchmark-20260602T200405/runs/20260602T200405-opt_base_fullscreen_ocr-5
20260602T200405-opt_base_fullscreen_ocr-5,opt_base_fullscreen_ocr,1+2+3,optimization-baseline-fullscreen-ocr,03,ocr_roi,OCR ROI,yes,180,ocr_ms,,,visual_roi_selected,1,visual_ocr_selected,1,ROI-limited OCR supplement,/private/tmp/chungmaru-android-pipeline-benchmark-20260602T200405/runs/20260602T200405-opt_base_fullscreen_ocr-5
20260602T200405-opt_base_fullscreen_ocr-5,opt_base_fullscreen_ocr,1+2+3,optimization-baseline-fullscreen-ocr,04,coordinate,char box / line estimate,no,,coord_ms,,candidate_parallel_wait_ms,char_range_candidates,,overlay_candidates,,stage disabled in this mode,/private/tmp/chungmaru-android-pipeline-benchmark-20260602T200405/runs/20260602T200405-opt_base_fullscreen_ocr-5
20260602T200405-opt_base_fullscreen_ocr-5,opt_base_fullscreen_ocr,1+2+3,optimization-baseline-fullscreen-ocr,05,display,overlay gate,no,,display_ms,,,overlay_rendered,,visual_ocr_raw,,stage disabled in this mode,/private/tmp/chungmaru-android-pipeline-benchmark-20260602T200405/runs/20260602T200405-opt_base_fullscreen_ocr-5
20260602T200405-opt_base_fullscreen_ocr-6,opt_base_fullscreen_ocr,1+2+3,optimization-baseline-fullscreen-ocr,01,collect,Accessibility Service,yes,334,collect_ms,,candidate_parallel_wait_ms,screen_candidates,14,node_count,0,candidate extraction and visible-node traversal,/private/tmp/chungmaru-android-pipeline-benchmark-20260602T200405/runs/20260602T200405-opt_base_fullscreen_ocr-6
20260602T200405-opt_base_fullscreen_ocr-6,opt_base_fullscreen_ocr,1+2+3,optimization-baseline-fullscreen-ocr,02,analyze,Android Analysis API,yes,179,backend_api_ms,,backend_e2e_ms,offensive,1,filtered,0,backend/API analysis and masking decision,/private/tmp/chungmaru-android-pipeline-benchmark-20260602T200405/runs/20260602T200405-opt_base_fullscreen_ocr-6
20260602T200405-opt_base_fullscreen_ocr-6,opt_base_fullscreen_ocr,1+2+3,optimization-baseline-fullscreen-ocr,03,ocr_roi,OCR ROI,yes,152,ocr_ms,,,visual_roi_selected,1,visual_ocr_selected,0,ROI-limited OCR supplement,/private/tmp/chungmaru-android-pipeline-benchmark-20260602T200405/runs/20260602T200405-opt_base_fullscreen_ocr-6
20260602T200405-opt_base_fullscreen_ocr-6,opt_base_fullscreen_ocr,1+2+3,optimization-baseline-fullscreen-ocr,04,coordinate,char box / line estimate,no,,coord_ms,,candidate_parallel_wait_ms,char_range_candidates,,overlay_candidates,,stage disabled in this mode,/private/tmp/chungmaru-android-pipeline-benchmark-20260602T200405/runs/20260602T200405-opt_base_fullscreen_ocr-6
20260602T200405-opt_base_fullscreen_ocr-6,opt_base_fullscreen_ocr,1+2+3,optimization-baseline-fullscreen-ocr,05,display,overlay gate,no,,display_ms,,,overlay_rendered,,visual_ocr_raw,,stage disabled in this mode,/private/tmp/chungmaru-android-pipeline-benchmark-20260602T200405/runs/20260602T200405-opt_base_fullscreen_ocr-6
20260602T200405-opt_base_fullscreen_ocr-7,opt_base_fullscreen_ocr,1+2+3,optimization-baseline-fullscreen-ocr,01,collect,Accessibility Service,yes,535,collect_ms,,candidate_parallel_wait_ms,screen_candidates,14,node_count,0,candidate extraction and visible-node traversal,/private/tmp/chungmaru-android-pipeline-benchmark-20260602T200405/runs/20260602T200405-opt_base_fullscreen_ocr-7
20260602T200405-opt_base_fullscreen_ocr-7,opt_base_fullscreen_ocr,1+2+3,optimization-baseline-fullscreen-ocr,02,analyze,Android Analysis API,yes,211,backend_api_ms,,backend_e2e_ms,offensive,1,filtered,0,backend/API analysis and masking decision,/private/tmp/chungmaru-android-pipeline-benchmark-20260602T200405/runs/20260602T200405-opt_base_fullscreen_ocr-7
20260602T200405-opt_base_fullscreen_ocr-7,opt_base_fullscreen_ocr,1+2+3,optimization-baseline-fullscreen-ocr,03,ocr_roi,OCR ROI,yes,160,ocr_ms,,,visual_roi_selected,1,visual_ocr_selected,0,ROI-limited OCR supplement,/private/tmp/chungmaru-android-pipeline-benchmark-20260602T200405/runs/20260602T200405-opt_base_fullscreen_ocr-7
20260602T200405-opt_base_fullscreen_ocr-7,opt_base_fullscreen_ocr,1+2+3,optimization-baseline-fullscreen-ocr,04,coordinate,char box / line estimate,no,,coord_ms,,candidate_parallel_wait_ms,char_range_candidates,,overlay_candidates,,stage disabled in this mode,/private/tmp/chungmaru-android-pipeline-benchmark-20260602T200405/runs/20260602T200405-opt_base_fullscreen_ocr-7
20260602T200405-opt_base_fullscreen_ocr-7,opt_base_fullscreen_ocr,1+2+3,optimization-baseline-fullscreen-ocr,05,display,overlay gate,no,,display_ms,,,overlay_rendered,,visual_ocr_raw,,stage disabled in this mode,/private/tmp/chungmaru-android-pipeline-benchmark-20260602T200405/runs/20260602T200405-opt_base_fullscreen_ocr-7
20260602T200405-opt_base_fullscreen_ocr-8,opt_base_fullscreen_ocr,1+2+3,optimization-baseline-fullscreen-ocr,01,collect,Accessibility Service,yes,404,collect_ms,,candidate_parallel_wait_ms,screen_candidates,14,node_count,0,candidate extraction and visible-node traversal,/private/tmp/chungmaru-android-pipeline-benchmark-20260602T200405/runs/20260602T200405-opt_base_fullscreen_ocr-8
20260602T200405-opt_base_fullscreen_ocr-8,opt_base_fullscreen_ocr,1+2+3,optimization-baseline-fullscreen-ocr,02,analyze,Android Analysis API,yes,224,backend_api_ms,,backend_e2e_ms,offensive,1,filtered,0,backend/API analysis and masking decision,/private/tmp/chungmaru-android-pipeline-benchmark-20260602T200405/runs/20260602T200405-opt_base_fullscreen_ocr-8
20260602T200405-opt_base_fullscreen_ocr-8,opt_base_fullscreen_ocr,1+2+3,optimization-baseline-fullscreen-ocr,03,ocr_roi,OCR ROI,yes,162,ocr_ms,,,visual_roi_selected,1,visual_ocr_selected,2,ROI-limited OCR supplement,/private/tmp/chungmaru-android-pipeline-benchmark-20260602T200405/runs/20260602T200405-opt_base_fullscreen_ocr-8
20260602T200405-opt_base_fullscreen_ocr-8,opt_base_fullscreen_ocr,1+2+3,optimization-baseline-fullscreen-ocr,04,coordinate,char box / line estimate,no,,coord_ms,,candidate_parallel_wait_ms,char_range_candidates,,overlay_candidates,,stage disabled in this mode,/private/tmp/chungmaru-android-pipeline-benchmark-20260602T200405/runs/20260602T200405-opt_base_fullscreen_ocr-8
20260602T200405-opt_base_fullscreen_ocr-8,opt_base_fullscreen_ocr,1+2+3,optimization-baseline-fullscreen-ocr,05,display,overlay gate,no,,display_ms,,,overlay_rendered,,visual_ocr_raw,,stage disabled in this mode,/private/tmp/chungmaru-android-pipeline-benchmark-20260602T200405/runs/20260602T200405-opt_base_fullscreen_ocr-8
20260602T200405-opt_base_fullscreen_ocr-9,opt_base_fullscreen_ocr,1+2+3,optimization-baseline-fullscreen-ocr,01,collect,Accessibility Service,yes,561,collect_ms,5,candidate_parallel_wait_ms,screen_candidates,14,node_count,8,candidate extraction and visible-node traversal,/private/tmp/chungmaru-android-pipeline-benchmark-20260602T200405/runs/20260602T200405-opt_base_fullscreen_ocr-9
20260602T200405-opt_base_fullscreen_ocr-9,opt_base_fullscreen_ocr,1+2+3,optimization-baseline-fullscreen-ocr,02,analyze,Android Analysis API,yes,224,backend_api_ms,74,backend_e2e_ms,offensive,1,filtered,1,backend/API analysis and masking decision,/private/tmp/chungmaru-android-pipeline-benchmark-20260602T200405/runs/20260602T200405-opt_base_fullscreen_ocr-9
20260602T200405-opt_base_fullscreen_ocr-9,opt_base_fullscreen_ocr,1+2+3,optimization-baseline-fullscreen-ocr,03,ocr_roi,OCR ROI,yes,159,ocr_ms,,,visual_roi_selected,1,visual_ocr_selected,1,ROI-limited OCR supplement,/private/tmp/chungmaru-android-pipeline-benchmark-20260602T200405/runs/20260602T200405-opt_base_fullscreen_ocr-9
20260602T200405-opt_base_fullscreen_ocr-9,opt_base_fullscreen_ocr,1+2+3,optimization-baseline-fullscreen-ocr,04,coordinate,char box / line estimate,no,,coord_ms,,candidate_parallel_wait_ms,char_range_candidates,,overlay_candidates,,stage disabled in this mode,/private/tmp/chungmaru-android-pipeline-benchmark-20260602T200405/runs/20260602T200405-opt_base_fullscreen_ocr-9
20260602T200405-opt_base_fullscreen_ocr-9,opt_base_fullscreen_ocr,1+2+3,optimization-baseline-fullscreen-ocr,05,display,overlay gate,no,,display_ms,,,overlay_rendered,,visual_ocr_raw,,stage disabled in this mode,/private/tmp/chungmaru-android-pipeline-benchmark-20260602T200405/runs/20260602T200405-opt_base_fullscreen_ocr-9
20260602T200405-opt_base_fullscreen_ocr-10,opt_base_fullscreen_ocr,1+2+3,optimization-baseline-fullscreen-ocr,01,collect,Accessibility Service,yes,588,collect_ms,,candidate_parallel_wait_ms,screen_candidates,14,node_count,0,candidate extraction and visible-node traversal,/private/tmp/chungmaru-android-pipeline-benchmark-20260602T200405/runs/20260602T200405-opt_base_fullscreen_ocr-10
20260602T200405-opt_base_fullscreen_ocr-10,opt_base_fullscreen_ocr,1+2+3,optimization-baseline-fullscreen-ocr,02,analyze,Android Analysis API,yes,213,backend_api_ms,,backend_e2e_ms,offensive,1,filtered,0,backend/API analysis and masking decision,/private/tmp/chungmaru-android-pipeline-benchmark-20260602T200405/runs/20260602T200405-opt_base_fullscreen_ocr-10
20260602T200405-opt_base_fullscreen_ocr-10,opt_base_fullscreen_ocr,1+2+3,optimization-baseline-fullscreen-ocr,03,ocr_roi,OCR ROI,yes,161,ocr_ms,,,visual_roi_selected,1,visual_ocr_selected,1,ROI-limited OCR supplement,/private/tmp/chungmaru-android-pipeline-benchmark-20260602T200405/runs/20260602T200405-opt_base_fullscreen_ocr-10
20260602T200405-opt_base_fullscreen_ocr-10,opt_base_fullscreen_ocr,1+2+3,optimization-baseline-fullscreen-ocr,04,coordinate,char box / line estimate,no,,coord_ms,,candidate_parallel_wait_ms,char_range_candidates,,overlay_candidates,,stage disabled in this mode,/private/tmp/chungmaru-android-pipeline-benchmark-20260602T200405/runs/20260602T200405-opt_base_fullscreen_ocr-10
20260602T200405-opt_base_fullscreen_ocr-10,opt_base_fullscreen_ocr,1+2+3,optimization-baseline-fullscreen-ocr,05,display,overlay gate,no,,display_ms,,,overlay_rendered,,visual_ocr_raw,,stage disabled in this mode,/private/tmp/chungmaru-android-pipeline-benchmark-20260602T200405/runs/20260602T200405-opt_base_fullscreen_ocr-10
20260602T200405-s123_collect_backend_ocr-1,s123_collect_backend_ocr,1+2+3,pipeline-01-02-03,01,collect,Accessibility Service,yes,597,collect_ms,7,candidate_parallel_wait_ms,screen_candidates,14,node_count,8,candidate extraction and visible-node traversal,/private/tmp/chungmaru-android-pipeline-benchmark-20260602T200405/runs/20260602T200405-s123_collect_backend_ocr-1
20260602T200405-s123_collect_backend_ocr-1,s123_collect_backend_ocr,1+2+3,pipeline-01-02-03,02,analyze,Android Analysis API,yes,251,backend_api_ms,402,backend_e2e_ms,offensive,1,filtered,1,backend/API analysis and masking decision,/private/tmp/chungmaru-android-pipeline-benchmark-20260602T200405/runs/20260602T200405-s123_collect_backend_ocr-1
20260602T200405-s123_collect_backend_ocr-1,s123_collect_backend_ocr,1+2+3,pipeline-01-02-03,03,ocr_roi,OCR ROI,yes,382,ocr_ms,,,visual_roi_selected,2,visual_ocr_selected,1,ROI-limited OCR supplement,/private/tmp/chungmaru-android-pipeline-benchmark-20260602T200405/runs/20260602T200405-s123_collect_backend_ocr-1
20260602T200405-s123_collect_backend_ocr-1,s123_collect_backend_ocr,1+2+3,pipeline-01-02-03,04,coordinate,char box / line estimate,no,,coord_ms,,candidate_parallel_wait_ms,char_range_candidates,,overlay_candidates,,stage disabled in this mode,/private/tmp/chungmaru-android-pipeline-benchmark-20260602T200405/runs/20260602T200405-s123_collect_backend_ocr-1
20260602T200405-s123_collect_backend_ocr-1,s123_collect_backend_ocr,1+2+3,pipeline-01-02-03,05,display,overlay gate,no,,display_ms,,,overlay_rendered,,visual_ocr_raw,,stage disabled in this mode,/private/tmp/chungmaru-android-pipeline-benchmark-20260602T200405/runs/20260602T200405-s123_collect_backend_ocr-1
20260602T200405-s123_collect_backend_ocr-2,s123_collect_backend_ocr,1+2+3,pipeline-01-02-03,01,collect,Accessibility Service,yes,690,collect_ms,2,candidate_parallel_wait_ms,screen_candidates,14,node_count,8,candidate extraction and visible-node traversal,/private/tmp/chungmaru-android-pipeline-benchmark-20260602T200405/runs/20260602T200405-s123_collect_backend_ocr-2
20260602T200405-s123_collect_backend_ocr-2,s123_collect_backend_ocr,1+2+3,pipeline-01-02-03,02,analyze,Android Analysis API,yes,200,backend_api_ms,246,backend_e2e_ms,offensive,1,filtered,1,backend/API analysis and masking decision,/private/tmp/chungmaru-android-pipeline-benchmark-20260602T200405/runs/20260602T200405-s123_collect_backend_ocr-2
20260602T200405-s123_collect_backend_ocr-2,s123_collect_backend_ocr,1+2+3,pipeline-01-02-03,03,ocr_roi,OCR ROI,yes,214,ocr_ms,,,visual_roi_selected,2,visual_ocr_selected,1,ROI-limited OCR supplement,/private/tmp/chungmaru-android-pipeline-benchmark-20260602T200405/runs/20260602T200405-s123_collect_backend_ocr-2
20260602T200405-s123_collect_backend_ocr-2,s123_collect_backend_ocr,1+2+3,pipeline-01-02-03,04,coordinate,char box / line estimate,no,,coord_ms,,candidate_parallel_wait_ms,char_range_candidates,,overlay_candidates,,stage disabled in this mode,/private/tmp/chungmaru-android-pipeline-benchmark-20260602T200405/runs/20260602T200405-s123_collect_backend_ocr-2
20260602T200405-s123_collect_backend_ocr-2,s123_collect_backend_ocr,1+2+3,pipeline-01-02-03,05,display,overlay gate,no,,display_ms,,,overlay_rendered,,visual_ocr_raw,,stage disabled in this mode,/private/tmp/chungmaru-android-pipeline-benchmark-20260602T200405/runs/20260602T200405-s123_collect_backend_ocr-2
20260602T200405-s123_collect_backend_ocr-3,s123_collect_backend_ocr,1+2+3,pipeline-01-02-03,01,collect,Accessibility Service,yes,613,collect_ms,2,candidate_parallel_wait_ms,screen_candidates,14,node_count,8,candidate extraction and visible-node traversal,/private/tmp/chungmaru-android-pipeline-benchmark-20260602T200405/runs/20260602T200405-s123_collect_backend_ocr-3
20260602T200405-s123_collect_backend_ocr-3,s123_collect_backend_ocr,1+2+3,pipeline-01-02-03,02,analyze,Android Analysis API,yes,226,backend_api_ms,210,backend_e2e_ms,offensive,1,filtered,1,backend/API analysis and masking decision,/private/tmp/chungmaru-android-pipeline-benchmark-20260602T200405/runs/20260602T200405-s123_collect_backend_ocr-3
20260602T200405-s123_collect_backend_ocr-3,s123_collect_backend_ocr,1+2+3,pipeline-01-02-03,03,ocr_roi,OCR ROI,yes,185,ocr_ms,,,visual_roi_selected,2,visual_ocr_selected,1,ROI-limited OCR supplement,/private/tmp/chungmaru-android-pipeline-benchmark-20260602T200405/runs/20260602T200405-s123_collect_backend_ocr-3
20260602T200405-s123_collect_backend_ocr-3,s123_collect_backend_ocr,1+2+3,pipeline-01-02-03,04,coordinate,char box / line estimate,no,,coord_ms,,candidate_parallel_wait_ms,char_range_candidates,,overlay_candidates,,stage disabled in this mode,/private/tmp/chungmaru-android-pipeline-benchmark-20260602T200405/runs/20260602T200405-s123_collect_backend_ocr-3
20260602T200405-s123_collect_backend_ocr-3,s123_collect_backend_ocr,1+2+3,pipeline-01-02-03,05,display,overlay gate,no,,display_ms,,,overlay_rendered,,visual_ocr_raw,,stage disabled in this mode,/private/tmp/chungmaru-android-pipeline-benchmark-20260602T200405/runs/20260602T200405-s123_collect_backend_ocr-3
20260602T200405-s123_collect_backend_ocr-4,s123_collect_backend_ocr,1+2+3,pipeline-01-02-03,01,collect,Accessibility Service,yes,727,collect_ms,3,candidate_parallel_wait_ms,screen_candidates,14,node_count,8,candidate extraction and visible-node traversal,/private/tmp/chungmaru-android-pipeline-benchmark-20260602T200405/runs/20260602T200405-s123_collect_backend_ocr-4
20260602T200405-s123_collect_backend_ocr-4,s123_collect_backend_ocr,1+2+3,pipeline-01-02-03,02,analyze,Android Analysis API,yes,306,backend_api_ms,198,backend_e2e_ms,offensive,1,filtered,1,backend/API analysis and masking decision,/private/tmp/chungmaru-android-pipeline-benchmark-20260602T200405/runs/20260602T200405-s123_collect_backend_ocr-4
20260602T200405-s123_collect_backend_ocr-4,s123_collect_backend_ocr,1+2+3,pipeline-01-02-03,03,ocr_roi,OCR ROI,yes,172,ocr_ms,,,visual_roi_selected,2,visual_ocr_selected,1,ROI-limited OCR supplement,/private/tmp/chungmaru-android-pipeline-benchmark-20260602T200405/runs/20260602T200405-s123_collect_backend_ocr-4
20260602T200405-s123_collect_backend_ocr-4,s123_collect_backend_ocr,1+2+3,pipeline-01-02-03,04,coordinate,char box / line estimate,no,,coord_ms,,candidate_parallel_wait_ms,char_range_candidates,,overlay_candidates,,stage disabled in this mode,/private/tmp/chungmaru-android-pipeline-benchmark-20260602T200405/runs/20260602T200405-s123_collect_backend_ocr-4
20260602T200405-s123_collect_backend_ocr-4,s123_collect_backend_ocr,1+2+3,pipeline-01-02-03,05,display,overlay gate,no,,display_ms,,,overlay_rendered,,visual_ocr_raw,,stage disabled in this mode,/private/tmp/chungmaru-android-pipeline-benchmark-20260602T200405/runs/20260602T200405-s123_collect_backend_ocr-4
20260602T200405-s123_collect_backend_ocr-5,s123_collect_backend_ocr,1+2+3,pipeline-01-02-03,01,collect,Accessibility Service,yes,825,collect_ms,,candidate_parallel_wait_ms,screen_candidates,14,node_count,0,candidate extraction and visible-node traversal,/private/tmp/chungmaru-android-pipeline-benchmark-20260602T200405/runs/20260602T200405-s123_collect_backend_ocr-5
20260602T200405-s123_collect_backend_ocr-5,s123_collect_backend_ocr,1+2+3,pipeline-01-02-03,02,analyze,Android Analysis API,yes,194,backend_api_ms,,backend_e2e_ms,offensive,1,filtered,0,backend/API analysis and masking decision,/private/tmp/chungmaru-android-pipeline-benchmark-20260602T200405/runs/20260602T200405-s123_collect_backend_ocr-5
20260602T200405-s123_collect_backend_ocr-5,s123_collect_backend_ocr,1+2+3,pipeline-01-02-03,03,ocr_roi,OCR ROI,yes,165,ocr_ms,,,visual_roi_selected,2,visual_ocr_selected,0,ROI-limited OCR supplement,/private/tmp/chungmaru-android-pipeline-benchmark-20260602T200405/runs/20260602T200405-s123_collect_backend_ocr-5
20260602T200405-s123_collect_backend_ocr-5,s123_collect_backend_ocr,1+2+3,pipeline-01-02-03,04,coordinate,char box / line estimate,no,,coord_ms,,candidate_parallel_wait_ms,char_range_candidates,,overlay_candidates,,stage disabled in this mode,/private/tmp/chungmaru-android-pipeline-benchmark-20260602T200405/runs/20260602T200405-s123_collect_backend_ocr-5
20260602T200405-s123_collect_backend_ocr-5,s123_collect_backend_ocr,1+2+3,pipeline-01-02-03,05,display,overlay gate,no,,display_ms,,,overlay_rendered,,visual_ocr_raw,,stage disabled in this mode,/private/tmp/chungmaru-android-pipeline-benchmark-20260602T200405/runs/20260602T200405-s123_collect_backend_ocr-5
20260602T200405-s123_collect_backend_ocr-6,s123_collect_backend_ocr,1+2+3,pipeline-01-02-03,01,collect,Accessibility Service,yes,662,collect_ms,3,candidate_parallel_wait_ms,screen_candidates,14,node_count,8,candidate extraction and visible-node traversal,/private/tmp/chungmaru-android-pipeline-benchmark-20260602T200405/runs/20260602T200405-s123_collect_backend_ocr-6
20260602T200405-s123_collect_backend_ocr-6,s123_collect_backend_ocr,1+2+3,pipeline-01-02-03,02,analyze,Android Analysis API,yes,157,backend_api_ms,179,backend_e2e_ms,offensive,1,filtered,1,backend/API analysis and masking decision,/private/tmp/chungmaru-android-pipeline-benchmark-20260602T200405/runs/20260602T200405-s123_collect_backend_ocr-6
20260602T200405-s123_collect_backend_ocr-6,s123_collect_backend_ocr,1+2+3,pipeline-01-02-03,03,ocr_roi,OCR ROI,yes,209,ocr_ms,,,visual_roi_selected,2,visual_ocr_selected,1,ROI-limited OCR supplement,/private/tmp/chungmaru-android-pipeline-benchmark-20260602T200405/runs/20260602T200405-s123_collect_backend_ocr-6
20260602T200405-s123_collect_backend_ocr-6,s123_collect_backend_ocr,1+2+3,pipeline-01-02-03,04,coordinate,char box / line estimate,no,,coord_ms,,candidate_parallel_wait_ms,char_range_candidates,,overlay_candidates,,stage disabled in this mode,/private/tmp/chungmaru-android-pipeline-benchmark-20260602T200405/runs/20260602T200405-s123_collect_backend_ocr-6
20260602T200405-s123_collect_backend_ocr-6,s123_collect_backend_ocr,1+2+3,pipeline-01-02-03,05,display,overlay gate,no,,display_ms,,,overlay_rendered,,visual_ocr_raw,,stage disabled in this mode,/private/tmp/chungmaru-android-pipeline-benchmark-20260602T200405/runs/20260602T200405-s123_collect_backend_ocr-6
20260602T200405-s123_collect_backend_ocr-7,s123_collect_backend_ocr,1+2+3,pipeline-01-02-03,01,collect,Accessibility Service,yes,369,collect_ms,4,candidate_parallel_wait_ms,screen_candidates,14,node_count,8,candidate extraction and visible-node traversal,/private/tmp/chungmaru-android-pipeline-benchmark-20260602T200405/runs/20260602T200405-s123_collect_backend_ocr-7
20260602T200405-s123_collect_backend_ocr-7,s123_collect_backend_ocr,1+2+3,pipeline-01-02-03,02,analyze,Android Analysis API,yes,159,backend_api_ms,209,backend_e2e_ms,offensive,1,filtered,1,backend/API analysis and masking decision,/private/tmp/chungmaru-android-pipeline-benchmark-20260602T200405/runs/20260602T200405-s123_collect_backend_ocr-7
20260602T200405-s123_collect_backend_ocr-7,s123_collect_backend_ocr,1+2+3,pipeline-01-02-03,03,ocr_roi,OCR ROI,yes,181,ocr_ms,,,visual_roi_selected,2,visual_ocr_selected,1,ROI-limited OCR supplement,/private/tmp/chungmaru-android-pipeline-benchmark-20260602T200405/runs/20260602T200405-s123_collect_backend_ocr-7
20260602T200405-s123_collect_backend_ocr-7,s123_collect_backend_ocr,1+2+3,pipeline-01-02-03,04,coordinate,char box / line estimate,no,,coord_ms,,candidate_parallel_wait_ms,char_range_candidates,,overlay_candidates,,stage disabled in this mode,/private/tmp/chungmaru-android-pipeline-benchmark-20260602T200405/runs/20260602T200405-s123_collect_backend_ocr-7
20260602T200405-s123_collect_backend_ocr-7,s123_collect_backend_ocr,1+2+3,pipeline-01-02-03,05,display,overlay gate,no,,display_ms,,,overlay_rendered,,visual_ocr_raw,,stage disabled in this mode,/private/tmp/chungmaru-android-pipeline-benchmark-20260602T200405/runs/20260602T200405-s123_collect_backend_ocr-7
20260602T200405-s123_collect_backend_ocr-8,s123_collect_backend_ocr,1+2+3,pipeline-01-02-03,01,collect,Accessibility Service,yes,656,collect_ms,,candidate_parallel_wait_ms,screen_candidates,14,node_count,0,candidate extraction and visible-node traversal,/private/tmp/chungmaru-android-pipeline-benchmark-20260602T200405/runs/20260602T200405-s123_collect_backend_ocr-8
20260602T200405-s123_collect_backend_ocr-8,s123_collect_backend_ocr,1+2+3,pipeline-01-02-03,02,analyze,Android Analysis API,yes,174,backend_api_ms,,backend_e2e_ms,offensive,1,filtered,0,backend/API analysis and masking decision,/private/tmp/chungmaru-android-pipeline-benchmark-20260602T200405/runs/20260602T200405-s123_collect_backend_ocr-8
20260602T200405-s123_collect_backend_ocr-8,s123_collect_backend_ocr,1+2+3,pipeline-01-02-03,03,ocr_roi,OCR ROI,yes,254,ocr_ms,,,visual_roi_selected,2,visual_ocr_selected,1,ROI-limited OCR supplement,/private/tmp/chungmaru-android-pipeline-benchmark-20260602T200405/runs/20260602T200405-s123_collect_backend_ocr-8
20260602T200405-s123_collect_backend_ocr-8,s123_collect_backend_ocr,1+2+3,pipeline-01-02-03,04,coordinate,char box / line estimate,no,,coord_ms,,candidate_parallel_wait_ms,char_range_candidates,,overlay_candidates,,stage disabled in this mode,/private/tmp/chungmaru-android-pipeline-benchmark-20260602T200405/runs/20260602T200405-s123_collect_backend_ocr-8
20260602T200405-s123_collect_backend_ocr-8,s123_collect_backend_ocr,1+2+3,pipeline-01-02-03,05,display,overlay gate,no,,display_ms,,,overlay_rendered,,visual_ocr_raw,,stage disabled in this mode,/private/tmp/chungmaru-android-pipeline-benchmark-20260602T200405/runs/20260602T200405-s123_collect_backend_ocr-8
20260602T200405-s123_collect_backend_ocr-9,s123_collect_backend_ocr,1+2+3,pipeline-01-02-03,01,collect,Accessibility Service,yes,773,collect_ms,3,candidate_parallel_wait_ms,screen_candidates,14,node_count,8,candidate extraction and visible-node traversal,/private/tmp/chungmaru-android-pipeline-benchmark-20260602T200405/runs/20260602T200405-s123_collect_backend_ocr-9
20260602T200405-s123_collect_backend_ocr-9,s123_collect_backend_ocr,1+2+3,pipeline-01-02-03,02,analyze,Android Analysis API,yes,175,backend_api_ms,235,backend_e2e_ms,offensive,1,filtered,1,backend/API analysis and masking decision,/private/tmp/chungmaru-android-pipeline-benchmark-20260602T200405/runs/20260602T200405-s123_collect_backend_ocr-9
20260602T200405-s123_collect_backend_ocr-9,s123_collect_backend_ocr,1+2+3,pipeline-01-02-03,03,ocr_roi,OCR ROI,yes,208,ocr_ms,,,visual_roi_selected,2,visual_ocr_selected,1,ROI-limited OCR supplement,/private/tmp/chungmaru-android-pipeline-benchmark-20260602T200405/runs/20260602T200405-s123_collect_backend_ocr-9
20260602T200405-s123_collect_backend_ocr-9,s123_collect_backend_ocr,1+2+3,pipeline-01-02-03,04,coordinate,char box / line estimate,no,,coord_ms,,candidate_parallel_wait_ms,char_range_candidates,,overlay_candidates,,stage disabled in this mode,/private/tmp/chungmaru-android-pipeline-benchmark-20260602T200405/runs/20260602T200405-s123_collect_backend_ocr-9
20260602T200405-s123_collect_backend_ocr-9,s123_collect_backend_ocr,1+2+3,pipeline-01-02-03,05,display,overlay gate,no,,display_ms,,,overlay_rendered,,visual_ocr_raw,,stage disabled in this mode,/private/tmp/chungmaru-android-pipeline-benchmark-20260602T200405/runs/20260602T200405-s123_collect_backend_ocr-9
20260602T200405-s123_collect_backend_ocr-10,s123_collect_backend_ocr,1+2+3,pipeline-01-02-03,01,collect,Accessibility Service,yes,524,collect_ms,2,candidate_parallel_wait_ms,screen_candidates,14,node_count,8,candidate extraction and visible-node traversal,/private/tmp/chungmaru-android-pipeline-benchmark-20260602T200405/runs/20260602T200405-s123_collect_backend_ocr-10
20260602T200405-s123_collect_backend_ocr-10,s123_collect_backend_ocr,1+2+3,pipeline-01-02-03,02,analyze,Android Analysis API,yes,198,backend_api_ms,176,backend_e2e_ms,offensive,1,filtered,1,backend/API analysis and masking decision,/private/tmp/chungmaru-android-pipeline-benchmark-20260602T200405/runs/20260602T200405-s123_collect_backend_ocr-10
20260602T200405-s123_collect_backend_ocr-10,s123_collect_backend_ocr,1+2+3,pipeline-01-02-03,03,ocr_roi,OCR ROI,yes,232,ocr_ms,,,visual_roi_selected,2,visual_ocr_selected,1,ROI-limited OCR supplement,/private/tmp/chungmaru-android-pipeline-benchmark-20260602T200405/runs/20260602T200405-s123_collect_backend_ocr-10
20260602T200405-s123_collect_backend_ocr-10,s123_collect_backend_ocr,1+2+3,pipeline-01-02-03,04,coordinate,char box / line estimate,no,,coord_ms,,candidate_parallel_wait_ms,char_range_candidates,,overlay_candidates,,stage disabled in this mode,/private/tmp/chungmaru-android-pipeline-benchmark-20260602T200405/runs/20260602T200405-s123_collect_backend_ocr-10
20260602T200405-s123_collect_backend_ocr-10,s123_collect_backend_ocr,1+2+3,pipeline-01-02-03,05,display,overlay gate,no,,display_ms,,,overlay_rendered,,visual_ocr_raw,,stage disabled in this mode,/private/tmp/chungmaru-android-pipeline-benchmark-20260602T200405/runs/20260602T200405-s123_collect_backend_ocr-10
20260602T200405-opt_base_full_box_overlay-1,opt_base_full_box_overlay,1+2+5,optimization-baseline-full-box-overlay,01,collect,Accessibility Service,yes,637,collect_ms,1,candidate_parallel_wait_ms,screen_candidates,14,node_count,8,candidate extraction and visible-node traversal,/private/tmp/chungmaru-android-pipeline-benchmark-20260602T200405/runs/20260602T200405-opt_base_full_box_overlay-1
20260602T200405-opt_base_full_box_overlay-1,opt_base_full_box_overlay,1+2+5,optimization-baseline-full-box-overlay,02,analyze,Android Analysis API,yes,253,backend_api_ms,6,backend_e2e_ms,offensive,1,filtered,0,backend/API analysis and masking decision,/private/tmp/chungmaru-android-pipeline-benchmark-20260602T200405/runs/20260602T200405-opt_base_full_box_overlay-1
20260602T200405-opt_base_full_box_overlay-1,opt_base_full_box_overlay,1+2+5,optimization-baseline-full-box-overlay,03,ocr_roi,OCR ROI,no,,ocr_ms,,,visual_roi_selected,,visual_ocr_selected,,stage disabled in this mode,/private/tmp/chungmaru-android-pipeline-benchmark-20260602T200405/runs/20260602T200405-opt_base_full_box_overlay-1
20260602T200405-opt_base_full_box_overlay-1,opt_base_full_box_overlay,1+2+5,optimization-baseline-full-box-overlay,04,coordinate,char box / line estimate,no,,coord_ms,,candidate_parallel_wait_ms,char_range_candidates,,overlay_candidates,,stage disabled in this mode,/private/tmp/chungmaru-android-pipeline-benchmark-20260602T200405/runs/20260602T200405-opt_base_full_box_overlay-1
20260602T200405-opt_base_full_box_overlay-1,opt_base_full_box_overlay,1+2+5,optimization-baseline-full-box-overlay,05,display,overlay gate,yes,16,display_ms,,,overlay_rendered,3,visual_ocr_raw,0,overlay render/gate; blank latency means not instrumented in latest diagnostics,/private/tmp/chungmaru-android-pipeline-benchmark-20260602T200405/runs/20260602T200405-opt_base_full_box_overlay-1
20260602T200405-opt_base_full_box_overlay-2,opt_base_full_box_overlay,1+2+5,optimization-baseline-full-box-overlay,01,collect,Accessibility Service,yes,330,collect_ms,0,candidate_parallel_wait_ms,screen_candidates,14,node_count,8,candidate extraction and visible-node traversal,/private/tmp/chungmaru-android-pipeline-benchmark-20260602T200405/runs/20260602T200405-opt_base_full_box_overlay-2
20260602T200405-opt_base_full_box_overlay-2,opt_base_full_box_overlay,1+2+5,optimization-baseline-full-box-overlay,02,analyze,Android Analysis API,yes,282,backend_api_ms,5,backend_e2e_ms,offensive,1,filtered,0,backend/API analysis and masking decision,/private/tmp/chungmaru-android-pipeline-benchmark-20260602T200405/runs/20260602T200405-opt_base_full_box_overlay-2
20260602T200405-opt_base_full_box_overlay-2,opt_base_full_box_overlay,1+2+5,optimization-baseline-full-box-overlay,03,ocr_roi,OCR ROI,no,,ocr_ms,,,visual_roi_selected,,visual_ocr_selected,,stage disabled in this mode,/private/tmp/chungmaru-android-pipeline-benchmark-20260602T200405/runs/20260602T200405-opt_base_full_box_overlay-2
20260602T200405-opt_base_full_box_overlay-2,opt_base_full_box_overlay,1+2+5,optimization-baseline-full-box-overlay,04,coordinate,char box / line estimate,no,,coord_ms,,candidate_parallel_wait_ms,char_range_candidates,,overlay_candidates,,stage disabled in this mode,/private/tmp/chungmaru-android-pipeline-benchmark-20260602T200405/runs/20260602T200405-opt_base_full_box_overlay-2
20260602T200405-opt_base_full_box_overlay-2,opt_base_full_box_overlay,1+2+5,optimization-baseline-full-box-overlay,05,display,overlay gate,yes,17,display_ms,,,overlay_rendered,3,visual_ocr_raw,0,overlay render/gate; blank latency means not instrumented in latest diagnostics,/private/tmp/chungmaru-android-pipeline-benchmark-20260602T200405/runs/20260602T200405-opt_base_full_box_overlay-2
20260602T200405-opt_base_full_box_overlay-3,opt_base_full_box_overlay,1+2+5,optimization-baseline-full-box-overlay,01,collect,Accessibility Service,yes,490,collect_ms,1,candidate_parallel_wait_ms,screen_candidates,14,node_count,8,candidate extraction and visible-node traversal,/private/tmp/chungmaru-android-pipeline-benchmark-20260602T200405/runs/20260602T200405-opt_base_full_box_overlay-3
20260602T200405-opt_base_full_box_overlay-3,opt_base_full_box_overlay,1+2+5,optimization-baseline-full-box-overlay,02,analyze,Android Analysis API,yes,225,backend_api_ms,16,backend_e2e_ms,offensive,1,filtered,0,backend/API analysis and masking decision,/private/tmp/chungmaru-android-pipeline-benchmark-20260602T200405/runs/20260602T200405-opt_base_full_box_overlay-3
20260602T200405-opt_base_full_box_overlay-3,opt_base_full_box_overlay,1+2+5,optimization-baseline-full-box-overlay,03,ocr_roi,OCR ROI,no,,ocr_ms,,,visual_roi_selected,,visual_ocr_selected,,stage disabled in this mode,/private/tmp/chungmaru-android-pipeline-benchmark-20260602T200405/runs/20260602T200405-opt_base_full_box_overlay-3
20260602T200405-opt_base_full_box_overlay-3,opt_base_full_box_overlay,1+2+5,optimization-baseline-full-box-overlay,04,coordinate,char box / line estimate,no,,coord_ms,,candidate_parallel_wait_ms,char_range_candidates,,overlay_candidates,,stage disabled in this mode,/private/tmp/chungmaru-android-pipeline-benchmark-20260602T200405/runs/20260602T200405-opt_base_full_box_overlay-3
20260602T200405-opt_base_full_box_overlay-3,opt_base_full_box_overlay,1+2+5,optimization-baseline-full-box-overlay,05,display,overlay gate,yes,10,display_ms,,,overlay_rendered,3,visual_ocr_raw,0,overlay render/gate; blank latency means not instrumented in latest diagnostics,/private/tmp/chungmaru-android-pipeline-benchmark-20260602T200405/runs/20260602T200405-opt_base_full_box_overlay-3
20260602T200405-opt_base_full_box_overlay-4,opt_base_full_box_overlay,1+2+5,optimization-baseline-full-box-overlay,01,collect,Accessibility Service,yes,671,collect_ms,2,candidate_parallel_wait_ms,screen_candidates,14,node_count,8,candidate extraction and visible-node traversal,/private/tmp/chungmaru-android-pipeline-benchmark-20260602T200405/runs/20260602T200405-opt_base_full_box_overlay-4
20260602T200405-opt_base_full_box_overlay-4,opt_base_full_box_overlay,1+2+5,optimization-baseline-full-box-overlay,02,analyze,Android Analysis API,yes,253,backend_api_ms,9,backend_e2e_ms,offensive,1,filtered,0,backend/API analysis and masking decision,/private/tmp/chungmaru-android-pipeline-benchmark-20260602T200405/runs/20260602T200405-opt_base_full_box_overlay-4
20260602T200405-opt_base_full_box_overlay-4,opt_base_full_box_overlay,1+2+5,optimization-baseline-full-box-overlay,03,ocr_roi,OCR ROI,no,,ocr_ms,,,visual_roi_selected,,visual_ocr_selected,,stage disabled in this mode,/private/tmp/chungmaru-android-pipeline-benchmark-20260602T200405/runs/20260602T200405-opt_base_full_box_overlay-4
20260602T200405-opt_base_full_box_overlay-4,opt_base_full_box_overlay,1+2+5,optimization-baseline-full-box-overlay,04,coordinate,char box / line estimate,no,,coord_ms,,candidate_parallel_wait_ms,char_range_candidates,,overlay_candidates,,stage disabled in this mode,/private/tmp/chungmaru-android-pipeline-benchmark-20260602T200405/runs/20260602T200405-opt_base_full_box_overlay-4
20260602T200405-opt_base_full_box_overlay-4,opt_base_full_box_overlay,1+2+5,optimization-baseline-full-box-overlay,05,display,overlay gate,yes,15,display_ms,,,overlay_rendered,3,visual_ocr_raw,0,overlay render/gate; blank latency means not instrumented in latest diagnostics,/private/tmp/chungmaru-android-pipeline-benchmark-20260602T200405/runs/20260602T200405-opt_base_full_box_overlay-4
20260602T200405-opt_base_full_box_overlay-5,opt_base_full_box_overlay,1+2+5,optimization-baseline-full-box-overlay,01,collect,Accessibility Service,yes,578,collect_ms,1,candidate_parallel_wait_ms,screen_candidates,14,node_count,8,candidate extraction and visible-node traversal,/private/tmp/chungmaru-android-pipeline-benchmark-20260602T200405/runs/20260602T200405-opt_base_full_box_overlay-5
20260602T200405-opt_base_full_box_overlay-5,opt_base_full_box_overlay,1+2+5,optimization-baseline-full-box-overlay,02,analyze,Android Analysis API,yes,395,backend_api_ms,6,backend_e2e_ms,offensive,1,filtered,0,backend/API analysis and masking decision,/private/tmp/chungmaru-android-pipeline-benchmark-20260602T200405/runs/20260602T200405-opt_base_full_box_overlay-5
20260602T200405-opt_base_full_box_overlay-5,opt_base_full_box_overlay,1+2+5,optimization-baseline-full-box-overlay,03,ocr_roi,OCR ROI,no,,ocr_ms,,,visual_roi_selected,,visual_ocr_selected,,stage disabled in this mode,/private/tmp/chungmaru-android-pipeline-benchmark-20260602T200405/runs/20260602T200405-opt_base_full_box_overlay-5
20260602T200405-opt_base_full_box_overlay-5,opt_base_full_box_overlay,1+2+5,optimization-baseline-full-box-overlay,04,coordinate,char box / line estimate,no,,coord_ms,,candidate_parallel_wait_ms,char_range_candidates,,overlay_candidates,,stage disabled in this mode,/private/tmp/chungmaru-android-pipeline-benchmark-20260602T200405/runs/20260602T200405-opt_base_full_box_overlay-5
20260602T200405-opt_base_full_box_overlay-5,opt_base_full_box_overlay,1+2+5,optimization-baseline-full-box-overlay,05,display,overlay gate,yes,14,display_ms,,,overlay_rendered,3,visual_ocr_raw,0,overlay render/gate; blank latency means not instrumented in latest diagnostics,/private/tmp/chungmaru-android-pipeline-benchmark-20260602T200405/runs/20260602T200405-opt_base_full_box_overlay-5
20260602T200405-opt_base_full_box_overlay-6,opt_base_full_box_overlay,1+2+5,optimization-baseline-full-box-overlay,01,collect,Accessibility Service,yes,626,collect_ms,1,candidate_parallel_wait_ms,screen_candidates,14,node_count,8,candidate extraction and visible-node traversal,/private/tmp/chungmaru-android-pipeline-benchmark-20260602T200405/runs/20260602T200405-opt_base_full_box_overlay-6
20260602T200405-opt_base_full_box_overlay-6,opt_base_full_box_overlay,1+2+5,optimization-baseline-full-box-overlay,02,analyze,Android Analysis API,yes,344,backend_api_ms,4,backend_e2e_ms,offensive,1,filtered,0,backend/API analysis and masking decision,/private/tmp/chungmaru-android-pipeline-benchmark-20260602T200405/runs/20260602T200405-opt_base_full_box_overlay-6
20260602T200405-opt_base_full_box_overlay-6,opt_base_full_box_overlay,1+2+5,optimization-baseline-full-box-overlay,03,ocr_roi,OCR ROI,no,,ocr_ms,,,visual_roi_selected,,visual_ocr_selected,,stage disabled in this mode,/private/tmp/chungmaru-android-pipeline-benchmark-20260602T200405/runs/20260602T200405-opt_base_full_box_overlay-6
20260602T200405-opt_base_full_box_overlay-6,opt_base_full_box_overlay,1+2+5,optimization-baseline-full-box-overlay,04,coordinate,char box / line estimate,no,,coord_ms,,candidate_parallel_wait_ms,char_range_candidates,,overlay_candidates,,stage disabled in this mode,/private/tmp/chungmaru-android-pipeline-benchmark-20260602T200405/runs/20260602T200405-opt_base_full_box_overlay-6
20260602T200405-opt_base_full_box_overlay-6,opt_base_full_box_overlay,1+2+5,optimization-baseline-full-box-overlay,05,display,overlay gate,yes,20,display_ms,,,overlay_rendered,3,visual_ocr_raw,0,overlay render/gate; blank latency means not instrumented in latest diagnostics,/private/tmp/chungmaru-android-pipeline-benchmark-20260602T200405/runs/20260602T200405-opt_base_full_box_overlay-6
20260602T200405-opt_base_full_box_overlay-7,opt_base_full_box_overlay,1+2+5,optimization-baseline-full-box-overlay,01,collect,Accessibility Service,yes,517,collect_ms,0,candidate_parallel_wait_ms,screen_candidates,14,node_count,8,candidate extraction and visible-node traversal,/private/tmp/chungmaru-android-pipeline-benchmark-20260602T200405/runs/20260602T200405-opt_base_full_box_overlay-7
20260602T200405-opt_base_full_box_overlay-7,opt_base_full_box_overlay,1+2+5,optimization-baseline-full-box-overlay,02,analyze,Android Analysis API,yes,462,backend_api_ms,6,backend_e2e_ms,offensive,1,filtered,0,backend/API analysis and masking decision,/private/tmp/chungmaru-android-pipeline-benchmark-20260602T200405/runs/20260602T200405-opt_base_full_box_overlay-7
20260602T200405-opt_base_full_box_overlay-7,opt_base_full_box_overlay,1+2+5,optimization-baseline-full-box-overlay,03,ocr_roi,OCR ROI,no,,ocr_ms,,,visual_roi_selected,,visual_ocr_selected,,stage disabled in this mode,/private/tmp/chungmaru-android-pipeline-benchmark-20260602T200405/runs/20260602T200405-opt_base_full_box_overlay-7
20260602T200405-opt_base_full_box_overlay-7,opt_base_full_box_overlay,1+2+5,optimization-baseline-full-box-overlay,04,coordinate,char box / line estimate,no,,coord_ms,,candidate_parallel_wait_ms,char_range_candidates,,overlay_candidates,,stage disabled in this mode,/private/tmp/chungmaru-android-pipeline-benchmark-20260602T200405/runs/20260602T200405-opt_base_full_box_overlay-7
20260602T200405-opt_base_full_box_overlay-7,opt_base_full_box_overlay,1+2+5,optimization-baseline-full-box-overlay,05,display,overlay gate,yes,15,display_ms,,,overlay_rendered,3,visual_ocr_raw,0,overlay render/gate; blank latency means not instrumented in latest diagnostics,/private/tmp/chungmaru-android-pipeline-benchmark-20260602T200405/runs/20260602T200405-opt_base_full_box_overlay-7
20260602T200405-opt_base_full_box_overlay-8,opt_base_full_box_overlay,1+2+5,optimization-baseline-full-box-overlay,01,collect,Accessibility Service,yes,566,collect_ms,1,candidate_parallel_wait_ms,screen_candidates,14,node_count,8,candidate extraction and visible-node traversal,/private/tmp/chungmaru-android-pipeline-benchmark-20260602T200405/runs/20260602T200405-opt_base_full_box_overlay-8
20260602T200405-opt_base_full_box_overlay-8,opt_base_full_box_overlay,1+2+5,optimization-baseline-full-box-overlay,02,analyze,Android Analysis API,yes,296,backend_api_ms,16,backend_e2e_ms,offensive,1,filtered,0,backend/API analysis and masking decision,/private/tmp/chungmaru-android-pipeline-benchmark-20260602T200405/runs/20260602T200405-opt_base_full_box_overlay-8
20260602T200405-opt_base_full_box_overlay-8,opt_base_full_box_overlay,1+2+5,optimization-baseline-full-box-overlay,03,ocr_roi,OCR ROI,no,,ocr_ms,,,visual_roi_selected,,visual_ocr_selected,,stage disabled in this mode,/private/tmp/chungmaru-android-pipeline-benchmark-20260602T200405/runs/20260602T200405-opt_base_full_box_overlay-8
20260602T200405-opt_base_full_box_overlay-8,opt_base_full_box_overlay,1+2+5,optimization-baseline-full-box-overlay,04,coordinate,char box / line estimate,no,,coord_ms,,candidate_parallel_wait_ms,char_range_candidates,,overlay_candidates,,stage disabled in this mode,/private/tmp/chungmaru-android-pipeline-benchmark-20260602T200405/runs/20260602T200405-opt_base_full_box_overlay-8
20260602T200405-opt_base_full_box_overlay-8,opt_base_full_box_overlay,1+2+5,optimization-baseline-full-box-overlay,05,display,overlay gate,yes,17,display_ms,,,overlay_rendered,3,visual_ocr_raw,0,overlay render/gate; blank latency means not instrumented in latest diagnostics,/private/tmp/chungmaru-android-pipeline-benchmark-20260602T200405/runs/20260602T200405-opt_base_full_box_overlay-8
20260602T200405-opt_base_full_box_overlay-9,opt_base_full_box_overlay,1+2+5,optimization-baseline-full-box-overlay,01,collect,Accessibility Service,yes,651,collect_ms,1,candidate_parallel_wait_ms,screen_candidates,14,node_count,8,candidate extraction and visible-node traversal,/private/tmp/chungmaru-android-pipeline-benchmark-20260602T200405/runs/20260602T200405-opt_base_full_box_overlay-9
20260602T200405-opt_base_full_box_overlay-9,opt_base_full_box_overlay,1+2+5,optimization-baseline-full-box-overlay,02,analyze,Android Analysis API,yes,525,backend_api_ms,5,backend_e2e_ms,offensive,1,filtered,0,backend/API analysis and masking decision,/private/tmp/chungmaru-android-pipeline-benchmark-20260602T200405/runs/20260602T200405-opt_base_full_box_overlay-9
20260602T200405-opt_base_full_box_overlay-9,opt_base_full_box_overlay,1+2+5,optimization-baseline-full-box-overlay,03,ocr_roi,OCR ROI,no,,ocr_ms,,,visual_roi_selected,,visual_ocr_selected,,stage disabled in this mode,/private/tmp/chungmaru-android-pipeline-benchmark-20260602T200405/runs/20260602T200405-opt_base_full_box_overlay-9
20260602T200405-opt_base_full_box_overlay-9,opt_base_full_box_overlay,1+2+5,optimization-baseline-full-box-overlay,04,coordinate,char box / line estimate,no,,coord_ms,,candidate_parallel_wait_ms,char_range_candidates,,overlay_candidates,,stage disabled in this mode,/private/tmp/chungmaru-android-pipeline-benchmark-20260602T200405/runs/20260602T200405-opt_base_full_box_overlay-9
20260602T200405-opt_base_full_box_overlay-9,opt_base_full_box_overlay,1+2+5,optimization-baseline-full-box-overlay,05,display,overlay gate,yes,55,display_ms,,,overlay_rendered,3,visual_ocr_raw,0,overlay render/gate; blank latency means not instrumented in latest diagnostics,/private/tmp/chungmaru-android-pipeline-benchmark-20260602T200405/runs/20260602T200405-opt_base_full_box_overlay-9
20260602T200405-opt_base_full_box_overlay-10,opt_base_full_box_overlay,1+2+5,optimization-baseline-full-box-overlay,01,collect,Accessibility Service,yes,598,collect_ms,0,candidate_parallel_wait_ms,screen_candidates,14,node_count,8,candidate extraction and visible-node traversal,/private/tmp/chungmaru-android-pipeline-benchmark-20260602T200405/runs/20260602T200405-opt_base_full_box_overlay-10
20260602T200405-opt_base_full_box_overlay-10,opt_base_full_box_overlay,1+2+5,optimization-baseline-full-box-overlay,02,analyze,Android Analysis API,yes,293,backend_api_ms,15,backend_e2e_ms,offensive,1,filtered,0,backend/API analysis and masking decision,/private/tmp/chungmaru-android-pipeline-benchmark-20260602T200405/runs/20260602T200405-opt_base_full_box_overlay-10
20260602T200405-opt_base_full_box_overlay-10,opt_base_full_box_overlay,1+2+5,optimization-baseline-full-box-overlay,03,ocr_roi,OCR ROI,no,,ocr_ms,,,visual_roi_selected,,visual_ocr_selected,,stage disabled in this mode,/private/tmp/chungmaru-android-pipeline-benchmark-20260602T200405/runs/20260602T200405-opt_base_full_box_overlay-10
20260602T200405-opt_base_full_box_overlay-10,opt_base_full_box_overlay,1+2+5,optimization-baseline-full-box-overlay,04,coordinate,char box / line estimate,no,,coord_ms,,candidate_parallel_wait_ms,char_range_candidates,,overlay_candidates,,stage disabled in this mode,/private/tmp/chungmaru-android-pipeline-benchmark-20260602T200405/runs/20260602T200405-opt_base_full_box_overlay-10
20260602T200405-opt_base_full_box_overlay-10,opt_base_full_box_overlay,1+2+5,optimization-baseline-full-box-overlay,05,display,overlay gate,yes,19,display_ms,,,overlay_rendered,3,visual_ocr_raw,0,overlay render/gate; blank latency means not instrumented in latest diagnostics,/private/tmp/chungmaru-android-pipeline-benchmark-20260602T200405/runs/20260602T200405-opt_base_full_box_overlay-10
20260602T200405-s12345_full-1,s12345_full,1+2+3+4+5,pipeline-01-02-03-04-05,01,collect,Accessibility Service,yes,741,collect_ms,2,candidate_parallel_wait_ms,screen_candidates,17,node_count,8,candidate extraction and visible-node traversal,/private/tmp/chungmaru-android-pipeline-benchmark-20260602T200405/runs/20260602T200405-s12345_full-1
20260602T200405-s12345_full-1,s12345_full,1+2+3+4+5,pipeline-01-02-03-04-05,02,analyze,Android Analysis API,yes,195,backend_api_ms,133,backend_e2e_ms,offensive,2,filtered,1,backend/API analysis and masking decision,/private/tmp/chungmaru-android-pipeline-benchmark-20260602T200405/runs/20260602T200405-s12345_full-1
20260602T200405-s12345_full-1,s12345_full,1+2+3+4+5,pipeline-01-02-03-04-05,03,ocr_roi,OCR ROI,yes,117,ocr_ms,,,visual_roi_selected,1,visual_ocr_selected,1,ROI-limited OCR supplement,/private/tmp/chungmaru-android-pipeline-benchmark-20260602T200405/runs/20260602T200405-s12345_full-1
20260602T200405-s12345_full-1,s12345_full,1+2+3+4+5,pipeline-01-02-03-04-05,04,coordinate,char box / line estimate,yes,2,coord_ms,2,candidate_parallel_wait_ms,char_range_candidates,3,overlay_candidates,3,coordinate recovery and renderable mask planning,/private/tmp/chungmaru-android-pipeline-benchmark-20260602T200405/runs/20260602T200405-s12345_full-1
20260602T200405-s12345_full-1,s12345_full,1+2+3+4+5,pipeline-01-02-03-04-05,05,display,overlay gate,yes,118,display_ms,,,overlay_rendered,3,visual_ocr_raw,1,overlay render/gate; blank latency means not instrumented in latest diagnostics,/private/tmp/chungmaru-android-pipeline-benchmark-20260602T200405/runs/20260602T200405-s12345_full-1
20260602T200405-s12345_full-2,s12345_full,1+2+3+4+5,pipeline-01-02-03-04-05,01,collect,Accessibility Service,yes,1011,collect_ms,,candidate_parallel_wait_ms,screen_candidates,17,node_count,0,candidate extraction and visible-node traversal,/private/tmp/chungmaru-android-pipeline-benchmark-20260602T200405/runs/20260602T200405-s12345_full-2
20260602T200405-s12345_full-2,s12345_full,1+2+3+4+5,pipeline-01-02-03-04-05,02,analyze,Android Analysis API,yes,290,backend_api_ms,,backend_e2e_ms,offensive,2,filtered,0,backend/API analysis and masking decision,/private/tmp/chungmaru-android-pipeline-benchmark-20260602T200405/runs/20260602T200405-s12345_full-2
20260602T200405-s12345_full-2,s12345_full,1+2+3+4+5,pipeline-01-02-03-04-05,03,ocr_roi,OCR ROI,yes,470,ocr_ms,,,visual_roi_selected,2,visual_ocr_selected,1,ROI-limited OCR supplement,/private/tmp/chungmaru-android-pipeline-benchmark-20260602T200405/runs/20260602T200405-s12345_full-2
20260602T200405-s12345_full-2,s12345_full,1+2+3+4+5,pipeline-01-02-03-04-05,04,coordinate,char box / line estimate,yes,,coord_ms,,candidate_parallel_wait_ms,char_range_candidates,3,overlay_candidates,4,coordinate recovery and renderable mask planning,/private/tmp/chungmaru-android-pipeline-benchmark-20260602T200405/runs/20260602T200405-s12345_full-2
20260602T200405-s12345_full-2,s12345_full,1+2+3+4+5,pipeline-01-02-03-04-05,05,display,overlay gate,yes,12,display_ms,,,overlay_rendered,4,visual_ocr_raw,1,overlay render/gate; blank latency means not instrumented in latest diagnostics,/private/tmp/chungmaru-android-pipeline-benchmark-20260602T200405/runs/20260602T200405-s12345_full-2
20260602T200405-s12345_full-3,s12345_full,1+2+3+4+5,pipeline-01-02-03-04-05,01,collect,Accessibility Service,yes,615,collect_ms,2,candidate_parallel_wait_ms,screen_candidates,17,node_count,8,candidate extraction and visible-node traversal,/private/tmp/chungmaru-android-pipeline-benchmark-20260602T200405/runs/20260602T200405-s12345_full-3
20260602T200405-s12345_full-3,s12345_full,1+2+3+4+5,pipeline-01-02-03-04-05,02,analyze,Android Analysis API,yes,211,backend_api_ms,166,backend_e2e_ms,offensive,2,filtered,1,backend/API analysis and masking decision,/private/tmp/chungmaru-android-pipeline-benchmark-20260602T200405/runs/20260602T200405-s12345_full-3
20260602T200405-s12345_full-3,s12345_full,1+2+3+4+5,pipeline-01-02-03-04-05,03,ocr_roi,OCR ROI,yes,400,ocr_ms,,,visual_roi_selected,2,visual_ocr_selected,1,ROI-limited OCR supplement,/private/tmp/chungmaru-android-pipeline-benchmark-20260602T200405/runs/20260602T200405-s12345_full-3
20260602T200405-s12345_full-3,s12345_full,1+2+3+4+5,pipeline-01-02-03-04-05,04,coordinate,char box / line estimate,yes,2,coord_ms,2,candidate_parallel_wait_ms,char_range_candidates,3,overlay_candidates,3,coordinate recovery and renderable mask planning,/private/tmp/chungmaru-android-pipeline-benchmark-20260602T200405/runs/20260602T200405-s12345_full-3
20260602T200405-s12345_full-3,s12345_full,1+2+3+4+5,pipeline-01-02-03-04-05,05,display,overlay gate,yes,158,display_ms,,,overlay_rendered,3,visual_ocr_raw,1,overlay render/gate; blank latency means not instrumented in latest diagnostics,/private/tmp/chungmaru-android-pipeline-benchmark-20260602T200405/runs/20260602T200405-s12345_full-3
20260602T200405-s12345_full-4,s12345_full,1+2+3+4+5,pipeline-01-02-03-04-05,01,collect,Accessibility Service,yes,778,collect_ms,6,candidate_parallel_wait_ms,screen_candidates,17,node_count,8,candidate extraction and visible-node traversal,/private/tmp/chungmaru-android-pipeline-benchmark-20260602T200405/runs/20260602T200405-s12345_full-4
20260602T200405-s12345_full-4,s12345_full,1+2+3+4+5,pipeline-01-02-03-04-05,02,analyze,Android Analysis API,yes,509,backend_api_ms,206,backend_e2e_ms,offensive,2,filtered,1,backend/API analysis and masking decision,/private/tmp/chungmaru-android-pipeline-benchmark-20260602T200405/runs/20260602T200405-s12345_full-4
20260602T200405-s12345_full-4,s12345_full,1+2+3+4+5,pipeline-01-02-03-04-05,03,ocr_roi,OCR ROI,yes,375,ocr_ms,,,visual_roi_selected,2,visual_ocr_selected,1,ROI-limited OCR supplement,/private/tmp/chungmaru-android-pipeline-benchmark-20260602T200405/runs/20260602T200405-s12345_full-4
20260602T200405-s12345_full-4,s12345_full,1+2+3+4+5,pipeline-01-02-03-04-05,04,coordinate,char box / line estimate,yes,6,coord_ms,6,candidate_parallel_wait_ms,char_range_candidates,3,overlay_candidates,3,coordinate recovery and renderable mask planning,/private/tmp/chungmaru-android-pipeline-benchmark-20260602T200405/runs/20260602T200405-s12345_full-4
20260602T200405-s12345_full-4,s12345_full,1+2+3+4+5,pipeline-01-02-03-04-05,05,display,overlay gate,yes,193,display_ms,,,overlay_rendered,3,visual_ocr_raw,1,overlay render/gate; blank latency means not instrumented in latest diagnostics,/private/tmp/chungmaru-android-pipeline-benchmark-20260602T200405/runs/20260602T200405-s12345_full-4
20260602T200405-s12345_full-5,s12345_full,1+2+3+4+5,pipeline-01-02-03-04-05,01,collect,Accessibility Service,yes,701,collect_ms,,candidate_parallel_wait_ms,screen_candidates,17,node_count,0,candidate extraction and visible-node traversal,/private/tmp/chungmaru-android-pipeline-benchmark-20260602T200405/runs/20260602T200405-s12345_full-5
20260602T200405-s12345_full-5,s12345_full,1+2+3+4+5,pipeline-01-02-03-04-05,02,analyze,Android Analysis API,yes,238,backend_api_ms,,backend_e2e_ms,offensive,2,filtered,0,backend/API analysis and masking decision,/private/tmp/chungmaru-android-pipeline-benchmark-20260602T200405/runs/20260602T200405-s12345_full-5
20260602T200405-s12345_full-5,s12345_full,1+2+3+4+5,pipeline-01-02-03-04-05,03,ocr_roi,OCR ROI,yes,282,ocr_ms,,,visual_roi_selected,2,visual_ocr_selected,1,ROI-limited OCR supplement,/private/tmp/chungmaru-android-pipeline-benchmark-20260602T200405/runs/20260602T200405-s12345_full-5
20260602T200405-s12345_full-5,s12345_full,1+2+3+4+5,pipeline-01-02-03-04-05,04,coordinate,char box / line estimate,yes,,coord_ms,,candidate_parallel_wait_ms,char_range_candidates,3,overlay_candidates,3,coordinate recovery and renderable mask planning,/private/tmp/chungmaru-android-pipeline-benchmark-20260602T200405/runs/20260602T200405-s12345_full-5
20260602T200405-s12345_full-5,s12345_full,1+2+3+4+5,pipeline-01-02-03-04-05,05,display,overlay gate,yes,29,display_ms,,,overlay_rendered,3,visual_ocr_raw,1,overlay render/gate; blank latency means not instrumented in latest diagnostics,/private/tmp/chungmaru-android-pipeline-benchmark-20260602T200405/runs/20260602T200405-s12345_full-5
20260602T200405-s12345_full-6,s12345_full,1+2+3+4+5,pipeline-01-02-03-04-05,01,collect,Accessibility Service,yes,879,collect_ms,4,candidate_parallel_wait_ms,screen_candidates,17,node_count,8,candidate extraction and visible-node traversal,/private/tmp/chungmaru-android-pipeline-benchmark-20260602T200405/runs/20260602T200405-s12345_full-6
20260602T200405-s12345_full-6,s12345_full,1+2+3+4+5,pipeline-01-02-03-04-05,02,analyze,Android Analysis API,yes,247,backend_api_ms,219,backend_e2e_ms,offensive,2,filtered,1,backend/API analysis and masking decision,/private/tmp/chungmaru-android-pipeline-benchmark-20260602T200405/runs/20260602T200405-s12345_full-6
20260602T200405-s12345_full-6,s12345_full,1+2+3+4+5,pipeline-01-02-03-04-05,03,ocr_roi,OCR ROI,yes,287,ocr_ms,,,visual_roi_selected,2,visual_ocr_selected,1,ROI-limited OCR supplement,/private/tmp/chungmaru-android-pipeline-benchmark-20260602T200405/runs/20260602T200405-s12345_full-6
20260602T200405-s12345_full-6,s12345_full,1+2+3+4+5,pipeline-01-02-03-04-05,04,coordinate,char box / line estimate,yes,4,coord_ms,4,candidate_parallel_wait_ms,char_range_candidates,3,overlay_candidates,3,coordinate recovery and renderable mask planning,/private/tmp/chungmaru-android-pipeline-benchmark-20260602T200405/runs/20260602T200405-s12345_full-6
20260602T200405-s12345_full-6,s12345_full,1+2+3+4+5,pipeline-01-02-03-04-05,05,display,overlay gate,yes,210,display_ms,,,overlay_rendered,3,visual_ocr_raw,1,overlay render/gate; blank latency means not instrumented in latest diagnostics,/private/tmp/chungmaru-android-pipeline-benchmark-20260602T200405/runs/20260602T200405-s12345_full-6
20260602T200405-s12345_full-7,s12345_full,1+2+3+4+5,pipeline-01-02-03-04-05,01,collect,Accessibility Service,yes,526,collect_ms,,candidate_parallel_wait_ms,screen_candidates,17,node_count,0,candidate extraction and visible-node traversal,/private/tmp/chungmaru-android-pipeline-benchmark-20260602T200405/runs/20260602T200405-s12345_full-7
20260602T200405-s12345_full-7,s12345_full,1+2+3+4+5,pipeline-01-02-03-04-05,02,analyze,Android Analysis API,yes,391,backend_api_ms,,backend_e2e_ms,offensive,2,filtered,0,backend/API analysis and masking decision,/private/tmp/chungmaru-android-pipeline-benchmark-20260602T200405/runs/20260602T200405-s12345_full-7
20260602T200405-s12345_full-7,s12345_full,1+2+3+4+5,pipeline-01-02-03-04-05,03,ocr_roi,OCR ROI,yes,562,ocr_ms,,,visual_roi_selected,2,visual_ocr_selected,1,ROI-limited OCR supplement,/private/tmp/chungmaru-android-pipeline-benchmark-20260602T200405/runs/20260602T200405-s12345_full-7
20260602T200405-s12345_full-7,s12345_full,1+2+3+4+5,pipeline-01-02-03-04-05,04,coordinate,char box / line estimate,yes,,coord_ms,,candidate_parallel_wait_ms,char_range_candidates,3,overlay_candidates,3,coordinate recovery and renderable mask planning,/private/tmp/chungmaru-android-pipeline-benchmark-20260602T200405/runs/20260602T200405-s12345_full-7
20260602T200405-s12345_full-7,s12345_full,1+2+3+4+5,pipeline-01-02-03-04-05,05,display,overlay gate,yes,69,display_ms,,,overlay_rendered,3,visual_ocr_raw,1,overlay render/gate; blank latency means not instrumented in latest diagnostics,/private/tmp/chungmaru-android-pipeline-benchmark-20260602T200405/runs/20260602T200405-s12345_full-7
20260602T200405-s12345_full-8,s12345_full,1+2+3+4+5,pipeline-01-02-03-04-05,01,collect,Accessibility Service,yes,833,collect_ms,,candidate_parallel_wait_ms,screen_candidates,17,node_count,0,candidate extraction and visible-node traversal,/private/tmp/chungmaru-android-pipeline-benchmark-20260602T200405/runs/20260602T200405-s12345_full-8
20260602T200405-s12345_full-8,s12345_full,1+2+3+4+5,pipeline-01-02-03-04-05,02,analyze,Android Analysis API,yes,253,backend_api_ms,,backend_e2e_ms,offensive,2,filtered,0,backend/API analysis and masking decision,/private/tmp/chungmaru-android-pipeline-benchmark-20260602T200405/runs/20260602T200405-s12345_full-8
20260602T200405-s12345_full-8,s12345_full,1+2+3+4+5,pipeline-01-02-03-04-05,03,ocr_roi,OCR ROI,yes,325,ocr_ms,,,visual_roi_selected,2,visual_ocr_selected,1,ROI-limited OCR supplement,/private/tmp/chungmaru-android-pipeline-benchmark-20260602T200405/runs/20260602T200405-s12345_full-8
20260602T200405-s12345_full-8,s12345_full,1+2+3+4+5,pipeline-01-02-03-04-05,04,coordinate,char box / line estimate,yes,,coord_ms,,candidate_parallel_wait_ms,char_range_candidates,3,overlay_candidates,4,coordinate recovery and renderable mask planning,/private/tmp/chungmaru-android-pipeline-benchmark-20260602T200405/runs/20260602T200405-s12345_full-8
20260602T200405-s12345_full-8,s12345_full,1+2+3+4+5,pipeline-01-02-03-04-05,05,display,overlay gate,yes,35,display_ms,,,overlay_rendered,4,visual_ocr_raw,1,overlay render/gate; blank latency means not instrumented in latest diagnostics,/private/tmp/chungmaru-android-pipeline-benchmark-20260602T200405/runs/20260602T200405-s12345_full-8
20260602T200405-s12345_full-9,s12345_full,1+2+3+4+5,pipeline-01-02-03-04-05,01,collect,Accessibility Service,yes,698,collect_ms,3,candidate_parallel_wait_ms,screen_candidates,17,node_count,8,candidate extraction and visible-node traversal,/private/tmp/chungmaru-android-pipeline-benchmark-20260602T200405/runs/20260602T200405-s12345_full-9
20260602T200405-s12345_full-9,s12345_full,1+2+3+4+5,pipeline-01-02-03-04-05,02,analyze,Android Analysis API,yes,224,backend_api_ms,182,backend_e2e_ms,offensive,2,filtered,1,backend/API analysis and masking decision,/private/tmp/chungmaru-android-pipeline-benchmark-20260602T200405/runs/20260602T200405-s12345_full-9
20260602T200405-s12345_full-9,s12345_full,1+2+3+4+5,pipeline-01-02-03-04-05,03,ocr_roi,OCR ROI,yes,377,ocr_ms,,,visual_roi_selected,2,visual_ocr_selected,1,ROI-limited OCR supplement,/private/tmp/chungmaru-android-pipeline-benchmark-20260602T200405/runs/20260602T200405-s12345_full-9
20260602T200405-s12345_full-9,s12345_full,1+2+3+4+5,pipeline-01-02-03-04-05,04,coordinate,char box / line estimate,yes,3,coord_ms,3,candidate_parallel_wait_ms,char_range_candidates,3,overlay_candidates,3,coordinate recovery and renderable mask planning,/private/tmp/chungmaru-android-pipeline-benchmark-20260602T200405/runs/20260602T200405-s12345_full-9
20260602T200405-s12345_full-9,s12345_full,1+2+3+4+5,pipeline-01-02-03-04-05,05,display,overlay gate,yes,174,display_ms,,,overlay_rendered,3,visual_ocr_raw,1,overlay render/gate; blank latency means not instrumented in latest diagnostics,/private/tmp/chungmaru-android-pipeline-benchmark-20260602T200405/runs/20260602T200405-s12345_full-9
20260602T200405-s12345_full-10,s12345_full,1+2+3+4+5,pipeline-01-02-03-04-05,01,collect,Accessibility Service,yes,736,collect_ms,,candidate_parallel_wait_ms,screen_candidates,17,node_count,0,candidate extraction and visible-node traversal,/private/tmp/chungmaru-android-pipeline-benchmark-20260602T200405/runs/20260602T200405-s12345_full-10
20260602T200405-s12345_full-10,s12345_full,1+2+3+4+5,pipeline-01-02-03-04-05,02,analyze,Android Analysis API,yes,223,backend_api_ms,,backend_e2e_ms,offensive,2,filtered,0,backend/API analysis and masking decision,/private/tmp/chungmaru-android-pipeline-benchmark-20260602T200405/runs/20260602T200405-s12345_full-10
20260602T200405-s12345_full-10,s12345_full,1+2+3+4+5,pipeline-01-02-03-04-05,03,ocr_roi,OCR ROI,yes,438,ocr_ms,,,visual_roi_selected,1,visual_ocr_selected,1,ROI-limited OCR supplement,/private/tmp/chungmaru-android-pipeline-benchmark-20260602T200405/runs/20260602T200405-s12345_full-10
20260602T200405-s12345_full-10,s12345_full,1+2+3+4+5,pipeline-01-02-03-04-05,04,coordinate,char box / line estimate,yes,,coord_ms,,candidate_parallel_wait_ms,char_range_candidates,3,overlay_candidates,3,coordinate recovery and renderable mask planning,/private/tmp/chungmaru-android-pipeline-benchmark-20260602T200405/runs/20260602T200405-s12345_full-10
20260602T200405-s12345_full-10,s12345_full,1+2+3+4+5,pipeline-01-02-03-04-05,05,display,overlay gate,yes,11,display_ms,,,overlay_rendered,3,visual_ocr_raw,2,overlay render/gate; blank latency means not instrumented in latest diagnostics,/private/tmp/chungmaru-android-pipeline-benchmark-20260602T200405/runs/20260602T200405-s12345_full-10
