run_id,mode,stages,scenario,stage_id,stage_name,component,stage_active,latency_ms,latency_metric,secondary_latency_ms,secondary_metric,count_metric,count_value,quality_metric,quality_value,notes,artifact_dir
20260602T174241-s1_collect_only-1,s1_collect_only,1,pipeline-01-collect,01,collect,Accessibility Service,yes,949,collect_ms,,node_collection_ms,screen_candidates,14,node_count,8,candidate extraction total; submetrics include node collection, ROI planning, candidate extraction, post processing,/private/tmp/chungmaru-android-pipeline-benchmark-20260602T174241/runs/20260602T174241-s1_collect_only-1
20260602T174241-s1_collect_only-1,s1_collect_only,1,pipeline-01-collect,02,analyze,Android Analysis API,no,,backend_api_ms,,backend_e2e_ms,offensive,,filtered,,stage disabled in this mode,/private/tmp/chungmaru-android-pipeline-benchmark-20260602T174241/runs/20260602T174241-s1_collect_only-1
20260602T174241-s1_collect_only-1,s1_collect_only,1,pipeline-01-collect,03,ocr_roi,OCR ROI,no,,ocr_ms,,visual_roi_planning_ms,visual_roi_selected,,visual_ocr_selected,,stage disabled in this mode,/private/tmp/chungmaru-android-pipeline-benchmark-20260602T174241/runs/20260602T174241-s1_collect_only-1
20260602T174241-s1_collect_only-1,s1_collect_only,1,pipeline-01-collect,04,coordinate,char box / line estimate,no,,coord_ms,,candidate_parallel_wait_ms,char_range_candidates,,overlay_candidates,,stage disabled in this mode,/private/tmp/chungmaru-android-pipeline-benchmark-20260602T174241/runs/20260602T174241-s1_collect_only-1
20260602T174241-s1_collect_only-1,s1_collect_only,1,pipeline-01-collect,05,display,overlay gate,no,,display_ms,,candidate_post_processing_ms,overlay_rendered,,visual_ocr_raw,,stage disabled in this mode,/private/tmp/chungmaru-android-pipeline-benchmark-20260602T174241/runs/20260602T174241-s1_collect_only-1
20260602T174241-s1_collect_only-2,s1_collect_only,1,pipeline-01-collect,01,collect,Accessibility Service,yes,504,collect_ms,,node_collection_ms,screen_candidates,14,node_count,8,candidate extraction total; submetrics include node collection, ROI planning, candidate extraction, post processing,/private/tmp/chungmaru-android-pipeline-benchmark-20260602T174241/runs/20260602T174241-s1_collect_only-2
20260602T174241-s1_collect_only-2,s1_collect_only,1,pipeline-01-collect,02,analyze,Android Analysis API,no,,backend_api_ms,,backend_e2e_ms,offensive,,filtered,,stage disabled in this mode,/private/tmp/chungmaru-android-pipeline-benchmark-20260602T174241/runs/20260602T174241-s1_collect_only-2
20260602T174241-s1_collect_only-2,s1_collect_only,1,pipeline-01-collect,03,ocr_roi,OCR ROI,no,,ocr_ms,,visual_roi_planning_ms,visual_roi_selected,,visual_ocr_selected,,stage disabled in this mode,/private/tmp/chungmaru-android-pipeline-benchmark-20260602T174241/runs/20260602T174241-s1_collect_only-2
20260602T174241-s1_collect_only-2,s1_collect_only,1,pipeline-01-collect,04,coordinate,char box / line estimate,no,,coord_ms,,candidate_parallel_wait_ms,char_range_candidates,,overlay_candidates,,stage disabled in this mode,/private/tmp/chungmaru-android-pipeline-benchmark-20260602T174241/runs/20260602T174241-s1_collect_only-2
20260602T174241-s1_collect_only-2,s1_collect_only,1,pipeline-01-collect,05,display,overlay gate,no,,display_ms,,candidate_post_processing_ms,overlay_rendered,,visual_ocr_raw,,stage disabled in this mode,/private/tmp/chungmaru-android-pipeline-benchmark-20260602T174241/runs/20260602T174241-s1_collect_only-2
20260602T174241-s1_collect_only-3,s1_collect_only,1,pipeline-01-collect,01,collect,Accessibility Service,yes,495,collect_ms,,node_collection_ms,screen_candidates,14,node_count,8,candidate extraction total; submetrics include node collection, ROI planning, candidate extraction, post processing,/private/tmp/chungmaru-android-pipeline-benchmark-20260602T174241/runs/20260602T174241-s1_collect_only-3
20260602T174241-s1_collect_only-3,s1_collect_only,1,pipeline-01-collect,02,analyze,Android Analysis API,no,,backend_api_ms,,backend_e2e_ms,offensive,,filtered,,stage disabled in this mode,/private/tmp/chungmaru-android-pipeline-benchmark-20260602T174241/runs/20260602T174241-s1_collect_only-3
20260602T174241-s1_collect_only-3,s1_collect_only,1,pipeline-01-collect,03,ocr_roi,OCR ROI,no,,ocr_ms,,visual_roi_planning_ms,visual_roi_selected,,visual_ocr_selected,,stage disabled in this mode,/private/tmp/chungmaru-android-pipeline-benchmark-20260602T174241/runs/20260602T174241-s1_collect_only-3
20260602T174241-s1_collect_only-3,s1_collect_only,1,pipeline-01-collect,04,coordinate,char box / line estimate,no,,coord_ms,,candidate_parallel_wait_ms,char_range_candidates,,overlay_candidates,,stage disabled in this mode,/private/tmp/chungmaru-android-pipeline-benchmark-20260602T174241/runs/20260602T174241-s1_collect_only-3
20260602T174241-s1_collect_only-3,s1_collect_only,1,pipeline-01-collect,05,display,overlay gate,no,,display_ms,,candidate_post_processing_ms,overlay_rendered,,visual_ocr_raw,,stage disabled in this mode,/private/tmp/chungmaru-android-pipeline-benchmark-20260602T174241/runs/20260602T174241-s1_collect_only-3
20260602T174241-s1_collect_only-4,s1_collect_only,1,pipeline-01-collect,01,collect,Accessibility Service,yes,941,collect_ms,,node_collection_ms,screen_candidates,14,node_count,8,candidate extraction total; submetrics include node collection, ROI planning, candidate extraction, post processing,/private/tmp/chungmaru-android-pipeline-benchmark-20260602T174241/runs/20260602T174241-s1_collect_only-4
20260602T174241-s1_collect_only-4,s1_collect_only,1,pipeline-01-collect,02,analyze,Android Analysis API,no,,backend_api_ms,,backend_e2e_ms,offensive,,filtered,,stage disabled in this mode,/private/tmp/chungmaru-android-pipeline-benchmark-20260602T174241/runs/20260602T174241-s1_collect_only-4
20260602T174241-s1_collect_only-4,s1_collect_only,1,pipeline-01-collect,03,ocr_roi,OCR ROI,no,,ocr_ms,,visual_roi_planning_ms,visual_roi_selected,,visual_ocr_selected,,stage disabled in this mode,/private/tmp/chungmaru-android-pipeline-benchmark-20260602T174241/runs/20260602T174241-s1_collect_only-4
20260602T174241-s1_collect_only-4,s1_collect_only,1,pipeline-01-collect,04,coordinate,char box / line estimate,no,,coord_ms,,candidate_parallel_wait_ms,char_range_candidates,,overlay_candidates,,stage disabled in this mode,/private/tmp/chungmaru-android-pipeline-benchmark-20260602T174241/runs/20260602T174241-s1_collect_only-4
20260602T174241-s1_collect_only-4,s1_collect_only,1,pipeline-01-collect,05,display,overlay gate,no,,display_ms,,candidate_post_processing_ms,overlay_rendered,,visual_ocr_raw,,stage disabled in this mode,/private/tmp/chungmaru-android-pipeline-benchmark-20260602T174241/runs/20260602T174241-s1_collect_only-4
20260602T174241-s1_collect_only-5,s1_collect_only,1,pipeline-01-collect,01,collect,Accessibility Service,yes,427,collect_ms,,node_collection_ms,screen_candidates,14,node_count,8,candidate extraction total; submetrics include node collection, ROI planning, candidate extraction, post processing,/private/tmp/chungmaru-android-pipeline-benchmark-20260602T174241/runs/20260602T174241-s1_collect_only-5
20260602T174241-s1_collect_only-5,s1_collect_only,1,pipeline-01-collect,02,analyze,Android Analysis API,no,,backend_api_ms,,backend_e2e_ms,offensive,,filtered,,stage disabled in this mode,/private/tmp/chungmaru-android-pipeline-benchmark-20260602T174241/runs/20260602T174241-s1_collect_only-5
20260602T174241-s1_collect_only-5,s1_collect_only,1,pipeline-01-collect,03,ocr_roi,OCR ROI,no,,ocr_ms,,visual_roi_planning_ms,visual_roi_selected,,visual_ocr_selected,,stage disabled in this mode,/private/tmp/chungmaru-android-pipeline-benchmark-20260602T174241/runs/20260602T174241-s1_collect_only-5
20260602T174241-s1_collect_only-5,s1_collect_only,1,pipeline-01-collect,04,coordinate,char box / line estimate,no,,coord_ms,,candidate_parallel_wait_ms,char_range_candidates,,overlay_candidates,,stage disabled in this mode,/private/tmp/chungmaru-android-pipeline-benchmark-20260602T174241/runs/20260602T174241-s1_collect_only-5
20260602T174241-s1_collect_only-5,s1_collect_only,1,pipeline-01-collect,05,display,overlay gate,no,,display_ms,,candidate_post_processing_ms,overlay_rendered,,visual_ocr_raw,,stage disabled in this mode,/private/tmp/chungmaru-android-pipeline-benchmark-20260602T174241/runs/20260602T174241-s1_collect_only-5
20260602T174241-s1_collect_only-6,s1_collect_only,1,pipeline-01-collect,01,collect,Accessibility Service,yes,467,collect_ms,,node_collection_ms,screen_candidates,14,node_count,8,candidate extraction total; submetrics include node collection, ROI planning, candidate extraction, post processing,/private/tmp/chungmaru-android-pipeline-benchmark-20260602T174241/runs/20260602T174241-s1_collect_only-6
20260602T174241-s1_collect_only-6,s1_collect_only,1,pipeline-01-collect,02,analyze,Android Analysis API,no,,backend_api_ms,,backend_e2e_ms,offensive,,filtered,,stage disabled in this mode,/private/tmp/chungmaru-android-pipeline-benchmark-20260602T174241/runs/20260602T174241-s1_collect_only-6
20260602T174241-s1_collect_only-6,s1_collect_only,1,pipeline-01-collect,03,ocr_roi,OCR ROI,no,,ocr_ms,,visual_roi_planning_ms,visual_roi_selected,,visual_ocr_selected,,stage disabled in this mode,/private/tmp/chungmaru-android-pipeline-benchmark-20260602T174241/runs/20260602T174241-s1_collect_only-6
20260602T174241-s1_collect_only-6,s1_collect_only,1,pipeline-01-collect,04,coordinate,char box / line estimate,no,,coord_ms,,candidate_parallel_wait_ms,char_range_candidates,,overlay_candidates,,stage disabled in this mode,/private/tmp/chungmaru-android-pipeline-benchmark-20260602T174241/runs/20260602T174241-s1_collect_only-6
20260602T174241-s1_collect_only-6,s1_collect_only,1,pipeline-01-collect,05,display,overlay gate,no,,display_ms,,candidate_post_processing_ms,overlay_rendered,,visual_ocr_raw,,stage disabled in this mode,/private/tmp/chungmaru-android-pipeline-benchmark-20260602T174241/runs/20260602T174241-s1_collect_only-6
20260602T174241-s1_collect_only-7,s1_collect_only,1,pipeline-01-collect,01,collect,Accessibility Service,yes,864,collect_ms,,node_collection_ms,screen_candidates,14,node_count,8,candidate extraction total; submetrics include node collection, ROI planning, candidate extraction, post processing,/private/tmp/chungmaru-android-pipeline-benchmark-20260602T174241/runs/20260602T174241-s1_collect_only-7
20260602T174241-s1_collect_only-7,s1_collect_only,1,pipeline-01-collect,02,analyze,Android Analysis API,no,,backend_api_ms,,backend_e2e_ms,offensive,,filtered,,stage disabled in this mode,/private/tmp/chungmaru-android-pipeline-benchmark-20260602T174241/runs/20260602T174241-s1_collect_only-7
20260602T174241-s1_collect_only-7,s1_collect_only,1,pipeline-01-collect,03,ocr_roi,OCR ROI,no,,ocr_ms,,visual_roi_planning_ms,visual_roi_selected,,visual_ocr_selected,,stage disabled in this mode,/private/tmp/chungmaru-android-pipeline-benchmark-20260602T174241/runs/20260602T174241-s1_collect_only-7
20260602T174241-s1_collect_only-7,s1_collect_only,1,pipeline-01-collect,04,coordinate,char box / line estimate,no,,coord_ms,,candidate_parallel_wait_ms,char_range_candidates,,overlay_candidates,,stage disabled in this mode,/private/tmp/chungmaru-android-pipeline-benchmark-20260602T174241/runs/20260602T174241-s1_collect_only-7
20260602T174241-s1_collect_only-7,s1_collect_only,1,pipeline-01-collect,05,display,overlay gate,no,,display_ms,,candidate_post_processing_ms,overlay_rendered,,visual_ocr_raw,,stage disabled in this mode,/private/tmp/chungmaru-android-pipeline-benchmark-20260602T174241/runs/20260602T174241-s1_collect_only-7
20260602T174241-s1_collect_only-8,s1_collect_only,1,pipeline-01-collect,01,collect,Accessibility Service,yes,826,collect_ms,,node_collection_ms,screen_candidates,14,node_count,8,candidate extraction total; submetrics include node collection, ROI planning, candidate extraction, post processing,/private/tmp/chungmaru-android-pipeline-benchmark-20260602T174241/runs/20260602T174241-s1_collect_only-8
20260602T174241-s1_collect_only-8,s1_collect_only,1,pipeline-01-collect,02,analyze,Android Analysis API,no,,backend_api_ms,,backend_e2e_ms,offensive,,filtered,,stage disabled in this mode,/private/tmp/chungmaru-android-pipeline-benchmark-20260602T174241/runs/20260602T174241-s1_collect_only-8
20260602T174241-s1_collect_only-8,s1_collect_only,1,pipeline-01-collect,03,ocr_roi,OCR ROI,no,,ocr_ms,,visual_roi_planning_ms,visual_roi_selected,,visual_ocr_selected,,stage disabled in this mode,/private/tmp/chungmaru-android-pipeline-benchmark-20260602T174241/runs/20260602T174241-s1_collect_only-8
20260602T174241-s1_collect_only-8,s1_collect_only,1,pipeline-01-collect,04,coordinate,char box / line estimate,no,,coord_ms,,candidate_parallel_wait_ms,char_range_candidates,,overlay_candidates,,stage disabled in this mode,/private/tmp/chungmaru-android-pipeline-benchmark-20260602T174241/runs/20260602T174241-s1_collect_only-8
20260602T174241-s1_collect_only-8,s1_collect_only,1,pipeline-01-collect,05,display,overlay gate,no,,display_ms,,candidate_post_processing_ms,overlay_rendered,,visual_ocr_raw,,stage disabled in this mode,/private/tmp/chungmaru-android-pipeline-benchmark-20260602T174241/runs/20260602T174241-s1_collect_only-8
20260602T174241-s1_collect_only-9,s1_collect_only,1,pipeline-01-collect,01,collect,Accessibility Service,yes,675,collect_ms,,node_collection_ms,screen_candidates,14,node_count,8,candidate extraction total; submetrics include node collection, ROI planning, candidate extraction, post processing,/private/tmp/chungmaru-android-pipeline-benchmark-20260602T174241/runs/20260602T174241-s1_collect_only-9
20260602T174241-s1_collect_only-9,s1_collect_only,1,pipeline-01-collect,02,analyze,Android Analysis API,no,,backend_api_ms,,backend_e2e_ms,offensive,,filtered,,stage disabled in this mode,/private/tmp/chungmaru-android-pipeline-benchmark-20260602T174241/runs/20260602T174241-s1_collect_only-9
20260602T174241-s1_collect_only-9,s1_collect_only,1,pipeline-01-collect,03,ocr_roi,OCR ROI,no,,ocr_ms,,visual_roi_planning_ms,visual_roi_selected,,visual_ocr_selected,,stage disabled in this mode,/private/tmp/chungmaru-android-pipeline-benchmark-20260602T174241/runs/20260602T174241-s1_collect_only-9
20260602T174241-s1_collect_only-9,s1_collect_only,1,pipeline-01-collect,04,coordinate,char box / line estimate,no,,coord_ms,,candidate_parallel_wait_ms,char_range_candidates,,overlay_candidates,,stage disabled in this mode,/private/tmp/chungmaru-android-pipeline-benchmark-20260602T174241/runs/20260602T174241-s1_collect_only-9
20260602T174241-s1_collect_only-9,s1_collect_only,1,pipeline-01-collect,05,display,overlay gate,no,,display_ms,,candidate_post_processing_ms,overlay_rendered,,visual_ocr_raw,,stage disabled in this mode,/private/tmp/chungmaru-android-pipeline-benchmark-20260602T174241/runs/20260602T174241-s1_collect_only-9
20260602T174241-s1_collect_only-10,s1_collect_only,1,pipeline-01-collect,01,collect,Accessibility Service,yes,825,collect_ms,,node_collection_ms,screen_candidates,14,node_count,8,candidate extraction total; submetrics include node collection, ROI planning, candidate extraction, post processing,/private/tmp/chungmaru-android-pipeline-benchmark-20260602T174241/runs/20260602T174241-s1_collect_only-10
20260602T174241-s1_collect_only-10,s1_collect_only,1,pipeline-01-collect,02,analyze,Android Analysis API,no,,backend_api_ms,,backend_e2e_ms,offensive,,filtered,,stage disabled in this mode,/private/tmp/chungmaru-android-pipeline-benchmark-20260602T174241/runs/20260602T174241-s1_collect_only-10
20260602T174241-s1_collect_only-10,s1_collect_only,1,pipeline-01-collect,03,ocr_roi,OCR ROI,no,,ocr_ms,,visual_roi_planning_ms,visual_roi_selected,,visual_ocr_selected,,stage disabled in this mode,/private/tmp/chungmaru-android-pipeline-benchmark-20260602T174241/runs/20260602T174241-s1_collect_only-10
20260602T174241-s1_collect_only-10,s1_collect_only,1,pipeline-01-collect,04,coordinate,char box / line estimate,no,,coord_ms,,candidate_parallel_wait_ms,char_range_candidates,,overlay_candidates,,stage disabled in this mode,/private/tmp/chungmaru-android-pipeline-benchmark-20260602T174241/runs/20260602T174241-s1_collect_only-10
20260602T174241-s1_collect_only-10,s1_collect_only,1,pipeline-01-collect,05,display,overlay gate,no,,display_ms,,candidate_post_processing_ms,overlay_rendered,,visual_ocr_raw,,stage disabled in this mode,/private/tmp/chungmaru-android-pipeline-benchmark-20260602T174241/runs/20260602T174241-s1_collect_only-10
20260602T174241-s2_backend_only-1,s2_backend_only,2,pipeline-02-backend,01,collect,Accessibility Service,no,,collect_ms,,node_collection_ms,screen_candidates,,node_count,,stage disabled in this mode,/private/tmp/chungmaru-android-pipeline-benchmark-20260602T174241/runs/20260602T174241-s2_backend_only-1
20260602T174241-s2_backend_only-1,s2_backend_only,2,pipeline-02-backend,02,analyze,Android Analysis API,yes,732,backend_api_ms,14,backend_e2e_ms,offensive,1,filtered,0,backend/API analysis and masking decision,/private/tmp/chungmaru-android-pipeline-benchmark-20260602T174241/runs/20260602T174241-s2_backend_only-1
20260602T174241-s2_backend_only-1,s2_backend_only,2,pipeline-02-backend,03,ocr_roi,OCR ROI,no,,ocr_ms,,visual_roi_planning_ms,visual_roi_selected,,visual_ocr_selected,,stage disabled in this mode,/private/tmp/chungmaru-android-pipeline-benchmark-20260602T174241/runs/20260602T174241-s2_backend_only-1
20260602T174241-s2_backend_only-1,s2_backend_only,2,pipeline-02-backend,04,coordinate,char box / line estimate,no,,coord_ms,,candidate_parallel_wait_ms,char_range_candidates,,overlay_candidates,,stage disabled in this mode,/private/tmp/chungmaru-android-pipeline-benchmark-20260602T174241/runs/20260602T174241-s2_backend_only-1
20260602T174241-s2_backend_only-1,s2_backend_only,2,pipeline-02-backend,05,display,overlay gate,no,,display_ms,,candidate_post_processing_ms,overlay_rendered,,visual_ocr_raw,,stage disabled in this mode,/private/tmp/chungmaru-android-pipeline-benchmark-20260602T174241/runs/20260602T174241-s2_backend_only-1
20260602T174241-s2_backend_only-2,s2_backend_only,2,pipeline-02-backend,01,collect,Accessibility Service,no,,collect_ms,,node_collection_ms,screen_candidates,,node_count,,stage disabled in this mode,/private/tmp/chungmaru-android-pipeline-benchmark-20260602T174241/runs/20260602T174241-s2_backend_only-2
20260602T174241-s2_backend_only-2,s2_backend_only,2,pipeline-02-backend,02,analyze,Android Analysis API,yes,263,backend_api_ms,33,backend_e2e_ms,offensive,1,filtered,0,backend/API analysis and masking decision,/private/tmp/chungmaru-android-pipeline-benchmark-20260602T174241/runs/20260602T174241-s2_backend_only-2
20260602T174241-s2_backend_only-2,s2_backend_only,2,pipeline-02-backend,03,ocr_roi,OCR ROI,no,,ocr_ms,,visual_roi_planning_ms,visual_roi_selected,,visual_ocr_selected,,stage disabled in this mode,/private/tmp/chungmaru-android-pipeline-benchmark-20260602T174241/runs/20260602T174241-s2_backend_only-2
20260602T174241-s2_backend_only-2,s2_backend_only,2,pipeline-02-backend,04,coordinate,char box / line estimate,no,,coord_ms,,candidate_parallel_wait_ms,char_range_candidates,,overlay_candidates,,stage disabled in this mode,/private/tmp/chungmaru-android-pipeline-benchmark-20260602T174241/runs/20260602T174241-s2_backend_only-2
20260602T174241-s2_backend_only-2,s2_backend_only,2,pipeline-02-backend,05,display,overlay gate,no,,display_ms,,candidate_post_processing_ms,overlay_rendered,,visual_ocr_raw,,stage disabled in this mode,/private/tmp/chungmaru-android-pipeline-benchmark-20260602T174241/runs/20260602T174241-s2_backend_only-2
20260602T174241-s2_backend_only-3,s2_backend_only,2,pipeline-02-backend,01,collect,Accessibility Service,no,,collect_ms,,node_collection_ms,screen_candidates,,node_count,,stage disabled in this mode,/private/tmp/chungmaru-android-pipeline-benchmark-20260602T174241/runs/20260602T174241-s2_backend_only-3
20260602T174241-s2_backend_only-3,s2_backend_only,2,pipeline-02-backend,02,analyze,Android Analysis API,yes,260,backend_api_ms,26,backend_e2e_ms,offensive,1,filtered,0,backend/API analysis and masking decision,/private/tmp/chungmaru-android-pipeline-benchmark-20260602T174241/runs/20260602T174241-s2_backend_only-3
20260602T174241-s2_backend_only-3,s2_backend_only,2,pipeline-02-backend,03,ocr_roi,OCR ROI,no,,ocr_ms,,visual_roi_planning_ms,visual_roi_selected,,visual_ocr_selected,,stage disabled in this mode,/private/tmp/chungmaru-android-pipeline-benchmark-20260602T174241/runs/20260602T174241-s2_backend_only-3
20260602T174241-s2_backend_only-3,s2_backend_only,2,pipeline-02-backend,04,coordinate,char box / line estimate,no,,coord_ms,,candidate_parallel_wait_ms,char_range_candidates,,overlay_candidates,,stage disabled in this mode,/private/tmp/chungmaru-android-pipeline-benchmark-20260602T174241/runs/20260602T174241-s2_backend_only-3
20260602T174241-s2_backend_only-3,s2_backend_only,2,pipeline-02-backend,05,display,overlay gate,no,,display_ms,,candidate_post_processing_ms,overlay_rendered,,visual_ocr_raw,,stage disabled in this mode,/private/tmp/chungmaru-android-pipeline-benchmark-20260602T174241/runs/20260602T174241-s2_backend_only-3
20260602T174241-s2_backend_only-4,s2_backend_only,2,pipeline-02-backend,01,collect,Accessibility Service,no,,collect_ms,,node_collection_ms,screen_candidates,,node_count,,stage disabled in this mode,/private/tmp/chungmaru-android-pipeline-benchmark-20260602T174241/runs/20260602T174241-s2_backend_only-4
20260602T174241-s2_backend_only-4,s2_backend_only,2,pipeline-02-backend,02,analyze,Android Analysis API,yes,240,backend_api_ms,12,backend_e2e_ms,offensive,1,filtered,0,backend/API analysis and masking decision,/private/tmp/chungmaru-android-pipeline-benchmark-20260602T174241/runs/20260602T174241-s2_backend_only-4
20260602T174241-s2_backend_only-4,s2_backend_only,2,pipeline-02-backend,03,ocr_roi,OCR ROI,no,,ocr_ms,,visual_roi_planning_ms,visual_roi_selected,,visual_ocr_selected,,stage disabled in this mode,/private/tmp/chungmaru-android-pipeline-benchmark-20260602T174241/runs/20260602T174241-s2_backend_only-4
20260602T174241-s2_backend_only-4,s2_backend_only,2,pipeline-02-backend,04,coordinate,char box / line estimate,no,,coord_ms,,candidate_parallel_wait_ms,char_range_candidates,,overlay_candidates,,stage disabled in this mode,/private/tmp/chungmaru-android-pipeline-benchmark-20260602T174241/runs/20260602T174241-s2_backend_only-4
20260602T174241-s2_backend_only-4,s2_backend_only,2,pipeline-02-backend,05,display,overlay gate,no,,display_ms,,candidate_post_processing_ms,overlay_rendered,,visual_ocr_raw,,stage disabled in this mode,/private/tmp/chungmaru-android-pipeline-benchmark-20260602T174241/runs/20260602T174241-s2_backend_only-4
20260602T174241-s2_backend_only-5,s2_backend_only,2,pipeline-02-backend,01,collect,Accessibility Service,no,,collect_ms,,node_collection_ms,screen_candidates,,node_count,,stage disabled in this mode,/private/tmp/chungmaru-android-pipeline-benchmark-20260602T174241/runs/20260602T174241-s2_backend_only-5
20260602T174241-s2_backend_only-5,s2_backend_only,2,pipeline-02-backend,02,analyze,Android Analysis API,yes,238,backend_api_ms,26,backend_e2e_ms,offensive,1,filtered,0,backend/API analysis and masking decision,/private/tmp/chungmaru-android-pipeline-benchmark-20260602T174241/runs/20260602T174241-s2_backend_only-5
20260602T174241-s2_backend_only-5,s2_backend_only,2,pipeline-02-backend,03,ocr_roi,OCR ROI,no,,ocr_ms,,visual_roi_planning_ms,visual_roi_selected,,visual_ocr_selected,,stage disabled in this mode,/private/tmp/chungmaru-android-pipeline-benchmark-20260602T174241/runs/20260602T174241-s2_backend_only-5
20260602T174241-s2_backend_only-5,s2_backend_only,2,pipeline-02-backend,04,coordinate,char box / line estimate,no,,coord_ms,,candidate_parallel_wait_ms,char_range_candidates,,overlay_candidates,,stage disabled in this mode,/private/tmp/chungmaru-android-pipeline-benchmark-20260602T174241/runs/20260602T174241-s2_backend_only-5
20260602T174241-s2_backend_only-5,s2_backend_only,2,pipeline-02-backend,05,display,overlay gate,no,,display_ms,,candidate_post_processing_ms,overlay_rendered,,visual_ocr_raw,,stage disabled in this mode,/private/tmp/chungmaru-android-pipeline-benchmark-20260602T174241/runs/20260602T174241-s2_backend_only-5
20260602T174241-s2_backend_only-6,s2_backend_only,2,pipeline-02-backend,01,collect,Accessibility Service,no,,collect_ms,,node_collection_ms,screen_candidates,,node_count,,stage disabled in this mode,/private/tmp/chungmaru-android-pipeline-benchmark-20260602T174241/runs/20260602T174241-s2_backend_only-6
20260602T174241-s2_backend_only-6,s2_backend_only,2,pipeline-02-backend,02,analyze,Android Analysis API,yes,218,backend_api_ms,26,backend_e2e_ms,offensive,1,filtered,0,backend/API analysis and masking decision,/private/tmp/chungmaru-android-pipeline-benchmark-20260602T174241/runs/20260602T174241-s2_backend_only-6
20260602T174241-s2_backend_only-6,s2_backend_only,2,pipeline-02-backend,03,ocr_roi,OCR ROI,no,,ocr_ms,,visual_roi_planning_ms,visual_roi_selected,,visual_ocr_selected,,stage disabled in this mode,/private/tmp/chungmaru-android-pipeline-benchmark-20260602T174241/runs/20260602T174241-s2_backend_only-6
20260602T174241-s2_backend_only-6,s2_backend_only,2,pipeline-02-backend,04,coordinate,char box / line estimate,no,,coord_ms,,candidate_parallel_wait_ms,char_range_candidates,,overlay_candidates,,stage disabled in this mode,/private/tmp/chungmaru-android-pipeline-benchmark-20260602T174241/runs/20260602T174241-s2_backend_only-6
20260602T174241-s2_backend_only-6,s2_backend_only,2,pipeline-02-backend,05,display,overlay gate,no,,display_ms,,candidate_post_processing_ms,overlay_rendered,,visual_ocr_raw,,stage disabled in this mode,/private/tmp/chungmaru-android-pipeline-benchmark-20260602T174241/runs/20260602T174241-s2_backend_only-6
20260602T174241-s2_backend_only-7,s2_backend_only,2,pipeline-02-backend,01,collect,Accessibility Service,no,,collect_ms,,node_collection_ms,screen_candidates,,node_count,,stage disabled in this mode,/private/tmp/chungmaru-android-pipeline-benchmark-20260602T174241/runs/20260602T174241-s2_backend_only-7
20260602T174241-s2_backend_only-7,s2_backend_only,2,pipeline-02-backend,02,analyze,Android Analysis API,yes,299,backend_api_ms,16,backend_e2e_ms,offensive,1,filtered,0,backend/API analysis and masking decision,/private/tmp/chungmaru-android-pipeline-benchmark-20260602T174241/runs/20260602T174241-s2_backend_only-7
20260602T174241-s2_backend_only-7,s2_backend_only,2,pipeline-02-backend,03,ocr_roi,OCR ROI,no,,ocr_ms,,visual_roi_planning_ms,visual_roi_selected,,visual_ocr_selected,,stage disabled in this mode,/private/tmp/chungmaru-android-pipeline-benchmark-20260602T174241/runs/20260602T174241-s2_backend_only-7
20260602T174241-s2_backend_only-7,s2_backend_only,2,pipeline-02-backend,04,coordinate,char box / line estimate,no,,coord_ms,,candidate_parallel_wait_ms,char_range_candidates,,overlay_candidates,,stage disabled in this mode,/private/tmp/chungmaru-android-pipeline-benchmark-20260602T174241/runs/20260602T174241-s2_backend_only-7
20260602T174241-s2_backend_only-7,s2_backend_only,2,pipeline-02-backend,05,display,overlay gate,no,,display_ms,,candidate_post_processing_ms,overlay_rendered,,visual_ocr_raw,,stage disabled in this mode,/private/tmp/chungmaru-android-pipeline-benchmark-20260602T174241/runs/20260602T174241-s2_backend_only-7
20260602T174241-s2_backend_only-8,s2_backend_only,2,pipeline-02-backend,01,collect,Accessibility Service,no,,collect_ms,,node_collection_ms,screen_candidates,,node_count,,stage disabled in this mode,/private/tmp/chungmaru-android-pipeline-benchmark-20260602T174241/runs/20260602T174241-s2_backend_only-8
20260602T174241-s2_backend_only-8,s2_backend_only,2,pipeline-02-backend,02,analyze,Android Analysis API,yes,1104,backend_api_ms,33,backend_e2e_ms,offensive,1,filtered,0,backend/API analysis and masking decision,/private/tmp/chungmaru-android-pipeline-benchmark-20260602T174241/runs/20260602T174241-s2_backend_only-8
20260602T174241-s2_backend_only-8,s2_backend_only,2,pipeline-02-backend,03,ocr_roi,OCR ROI,no,,ocr_ms,,visual_roi_planning_ms,visual_roi_selected,,visual_ocr_selected,,stage disabled in this mode,/private/tmp/chungmaru-android-pipeline-benchmark-20260602T174241/runs/20260602T174241-s2_backend_only-8
20260602T174241-s2_backend_only-8,s2_backend_only,2,pipeline-02-backend,04,coordinate,char box / line estimate,no,,coord_ms,,candidate_parallel_wait_ms,char_range_candidates,,overlay_candidates,,stage disabled in this mode,/private/tmp/chungmaru-android-pipeline-benchmark-20260602T174241/runs/20260602T174241-s2_backend_only-8
20260602T174241-s2_backend_only-8,s2_backend_only,2,pipeline-02-backend,05,display,overlay gate,no,,display_ms,,candidate_post_processing_ms,overlay_rendered,,visual_ocr_raw,,stage disabled in this mode,/private/tmp/chungmaru-android-pipeline-benchmark-20260602T174241/runs/20260602T174241-s2_backend_only-8
20260602T174241-s2_backend_only-9,s2_backend_only,2,pipeline-02-backend,01,collect,Accessibility Service,no,,collect_ms,,node_collection_ms,screen_candidates,,node_count,,stage disabled in this mode,/private/tmp/chungmaru-android-pipeline-benchmark-20260602T174241/runs/20260602T174241-s2_backend_only-9
20260602T174241-s2_backend_only-9,s2_backend_only,2,pipeline-02-backend,02,analyze,Android Analysis API,yes,243,backend_api_ms,12,backend_e2e_ms,offensive,1,filtered,0,backend/API analysis and masking decision,/private/tmp/chungmaru-android-pipeline-benchmark-20260602T174241/runs/20260602T174241-s2_backend_only-9
20260602T174241-s2_backend_only-9,s2_backend_only,2,pipeline-02-backend,03,ocr_roi,OCR ROI,no,,ocr_ms,,visual_roi_planning_ms,visual_roi_selected,,visual_ocr_selected,,stage disabled in this mode,/private/tmp/chungmaru-android-pipeline-benchmark-20260602T174241/runs/20260602T174241-s2_backend_only-9
20260602T174241-s2_backend_only-9,s2_backend_only,2,pipeline-02-backend,04,coordinate,char box / line estimate,no,,coord_ms,,candidate_parallel_wait_ms,char_range_candidates,,overlay_candidates,,stage disabled in this mode,/private/tmp/chungmaru-android-pipeline-benchmark-20260602T174241/runs/20260602T174241-s2_backend_only-9
20260602T174241-s2_backend_only-9,s2_backend_only,2,pipeline-02-backend,05,display,overlay gate,no,,display_ms,,candidate_post_processing_ms,overlay_rendered,,visual_ocr_raw,,stage disabled in this mode,/private/tmp/chungmaru-android-pipeline-benchmark-20260602T174241/runs/20260602T174241-s2_backend_only-9
20260602T174241-s2_backend_only-10,s2_backend_only,2,pipeline-02-backend,01,collect,Accessibility Service,no,,collect_ms,,node_collection_ms,screen_candidates,,node_count,,stage disabled in this mode,/private/tmp/chungmaru-android-pipeline-benchmark-20260602T174241/runs/20260602T174241-s2_backend_only-10
20260602T174241-s2_backend_only-10,s2_backend_only,2,pipeline-02-backend,02,analyze,Android Analysis API,yes,189,backend_api_ms,53,backend_e2e_ms,offensive,1,filtered,0,backend/API analysis and masking decision,/private/tmp/chungmaru-android-pipeline-benchmark-20260602T174241/runs/20260602T174241-s2_backend_only-10
20260602T174241-s2_backend_only-10,s2_backend_only,2,pipeline-02-backend,03,ocr_roi,OCR ROI,no,,ocr_ms,,visual_roi_planning_ms,visual_roi_selected,,visual_ocr_selected,,stage disabled in this mode,/private/tmp/chungmaru-android-pipeline-benchmark-20260602T174241/runs/20260602T174241-s2_backend_only-10
20260602T174241-s2_backend_only-10,s2_backend_only,2,pipeline-02-backend,04,coordinate,char box / line estimate,no,,coord_ms,,candidate_parallel_wait_ms,char_range_candidates,,overlay_candidates,,stage disabled in this mode,/private/tmp/chungmaru-android-pipeline-benchmark-20260602T174241/runs/20260602T174241-s2_backend_only-10
20260602T174241-s2_backend_only-10,s2_backend_only,2,pipeline-02-backend,05,display,overlay gate,no,,display_ms,,candidate_post_processing_ms,overlay_rendered,,visual_ocr_raw,,stage disabled in this mode,/private/tmp/chungmaru-android-pipeline-benchmark-20260602T174241/runs/20260602T174241-s2_backend_only-10
20260602T174241-s3_ocr_roi_only-1,s3_ocr_roi_only,3,pipeline-03-ocr-roi,01,collect,Accessibility Service,no,,collect_ms,,node_collection_ms,screen_candidates,,node_count,,stage disabled in this mode,/private/tmp/chungmaru-android-pipeline-benchmark-20260602T174241/runs/20260602T174241-s3_ocr_roi_only-1
20260602T174241-s3_ocr_roi_only-1,s3_ocr_roi_only,3,pipeline-03-ocr-roi,02,analyze,Android Analysis API,no,,backend_api_ms,,backend_e2e_ms,offensive,,filtered,,stage disabled in this mode,/private/tmp/chungmaru-android-pipeline-benchmark-20260602T174241/runs/20260602T174241-s3_ocr_roi_only-1
20260602T174241-s3_ocr_roi_only-1,s3_ocr_roi_only,3,pipeline-03-ocr-roi,03,ocr_roi,OCR ROI,yes,276,ocr_ms,,visual_roi_planning_ms,visual_roi_selected,2,visual_ocr_selected,1,ROI-limited OCR supplement,/private/tmp/chungmaru-android-pipeline-benchmark-20260602T174241/runs/20260602T174241-s3_ocr_roi_only-1
20260602T174241-s3_ocr_roi_only-1,s3_ocr_roi_only,3,pipeline-03-ocr-roi,04,coordinate,char box / line estimate,no,,coord_ms,,candidate_parallel_wait_ms,char_range_candidates,,overlay_candidates,,stage disabled in this mode,/private/tmp/chungmaru-android-pipeline-benchmark-20260602T174241/runs/20260602T174241-s3_ocr_roi_only-1
20260602T174241-s3_ocr_roi_only-1,s3_ocr_roi_only,3,pipeline-03-ocr-roi,05,display,overlay gate,no,,display_ms,,candidate_post_processing_ms,overlay_rendered,,visual_ocr_raw,,stage disabled in this mode,/private/tmp/chungmaru-android-pipeline-benchmark-20260602T174241/runs/20260602T174241-s3_ocr_roi_only-1
20260602T174241-s3_ocr_roi_only-2,s3_ocr_roi_only,3,pipeline-03-ocr-roi,01,collect,Accessibility Service,no,,collect_ms,,node_collection_ms,screen_candidates,,node_count,,stage disabled in this mode,/private/tmp/chungmaru-android-pipeline-benchmark-20260602T174241/runs/20260602T174241-s3_ocr_roi_only-2
20260602T174241-s3_ocr_roi_only-2,s3_ocr_roi_only,3,pipeline-03-ocr-roi,02,analyze,Android Analysis API,no,,backend_api_ms,,backend_e2e_ms,offensive,,filtered,,stage disabled in this mode,/private/tmp/chungmaru-android-pipeline-benchmark-20260602T174241/runs/20260602T174241-s3_ocr_roi_only-2
20260602T174241-s3_ocr_roi_only-2,s3_ocr_roi_only,3,pipeline-03-ocr-roi,03,ocr_roi,OCR ROI,yes,167,ocr_ms,,visual_roi_planning_ms,visual_roi_selected,2,visual_ocr_selected,1,ROI-limited OCR supplement,/private/tmp/chungmaru-android-pipeline-benchmark-20260602T174241/runs/20260602T174241-s3_ocr_roi_only-2
20260602T174241-s3_ocr_roi_only-2,s3_ocr_roi_only,3,pipeline-03-ocr-roi,04,coordinate,char box / line estimate,no,,coord_ms,,candidate_parallel_wait_ms,char_range_candidates,,overlay_candidates,,stage disabled in this mode,/private/tmp/chungmaru-android-pipeline-benchmark-20260602T174241/runs/20260602T174241-s3_ocr_roi_only-2
20260602T174241-s3_ocr_roi_only-2,s3_ocr_roi_only,3,pipeline-03-ocr-roi,05,display,overlay gate,no,,display_ms,,candidate_post_processing_ms,overlay_rendered,,visual_ocr_raw,,stage disabled in this mode,/private/tmp/chungmaru-android-pipeline-benchmark-20260602T174241/runs/20260602T174241-s3_ocr_roi_only-2
20260602T174241-s3_ocr_roi_only-3,s3_ocr_roi_only,3,pipeline-03-ocr-roi,01,collect,Accessibility Service,no,,collect_ms,,node_collection_ms,screen_candidates,,node_count,,stage disabled in this mode,/private/tmp/chungmaru-android-pipeline-benchmark-20260602T174241/runs/20260602T174241-s3_ocr_roi_only-3
20260602T174241-s3_ocr_roi_only-3,s3_ocr_roi_only,3,pipeline-03-ocr-roi,02,analyze,Android Analysis API,no,,backend_api_ms,,backend_e2e_ms,offensive,,filtered,,stage disabled in this mode,/private/tmp/chungmaru-android-pipeline-benchmark-20260602T174241/runs/20260602T174241-s3_ocr_roi_only-3
20260602T174241-s3_ocr_roi_only-3,s3_ocr_roi_only,3,pipeline-03-ocr-roi,03,ocr_roi,OCR ROI,yes,,ocr_ms,,visual_roi_planning_ms,visual_roi_selected,2,visual_ocr_selected,0,ROI-limited OCR supplement,/private/tmp/chungmaru-android-pipeline-benchmark-20260602T174241/runs/20260602T174241-s3_ocr_roi_only-3
20260602T174241-s3_ocr_roi_only-3,s3_ocr_roi_only,3,pipeline-03-ocr-roi,04,coordinate,char box / line estimate,no,,coord_ms,,candidate_parallel_wait_ms,char_range_candidates,,overlay_candidates,,stage disabled in this mode,/private/tmp/chungmaru-android-pipeline-benchmark-20260602T174241/runs/20260602T174241-s3_ocr_roi_only-3
20260602T174241-s3_ocr_roi_only-3,s3_ocr_roi_only,3,pipeline-03-ocr-roi,05,display,overlay gate,no,,display_ms,,candidate_post_processing_ms,overlay_rendered,,visual_ocr_raw,,stage disabled in this mode,/private/tmp/chungmaru-android-pipeline-benchmark-20260602T174241/runs/20260602T174241-s3_ocr_roi_only-3
20260602T174241-s3_ocr_roi_only-4,s3_ocr_roi_only,3,pipeline-03-ocr-roi,01,collect,Accessibility Service,no,,collect_ms,,node_collection_ms,screen_candidates,,node_count,,stage disabled in this mode,/private/tmp/chungmaru-android-pipeline-benchmark-20260602T174241/runs/20260602T174241-s3_ocr_roi_only-4
20260602T174241-s3_ocr_roi_only-4,s3_ocr_roi_only,3,pipeline-03-ocr-roi,02,analyze,Android Analysis API,no,,backend_api_ms,,backend_e2e_ms,offensive,,filtered,,stage disabled in this mode,/private/tmp/chungmaru-android-pipeline-benchmark-20260602T174241/runs/20260602T174241-s3_ocr_roi_only-4
20260602T174241-s3_ocr_roi_only-4,s3_ocr_roi_only,3,pipeline-03-ocr-roi,03,ocr_roi,OCR ROI,yes,477,ocr_ms,,visual_roi_planning_ms,visual_roi_selected,2,visual_ocr_selected,1,ROI-limited OCR supplement,/private/tmp/chungmaru-android-pipeline-benchmark-20260602T174241/runs/20260602T174241-s3_ocr_roi_only-4
20260602T174241-s3_ocr_roi_only-4,s3_ocr_roi_only,3,pipeline-03-ocr-roi,04,coordinate,char box / line estimate,no,,coord_ms,,candidate_parallel_wait_ms,char_range_candidates,,overlay_candidates,,stage disabled in this mode,/private/tmp/chungmaru-android-pipeline-benchmark-20260602T174241/runs/20260602T174241-s3_ocr_roi_only-4
20260602T174241-s3_ocr_roi_only-4,s3_ocr_roi_only,3,pipeline-03-ocr-roi,05,display,overlay gate,no,,display_ms,,candidate_post_processing_ms,overlay_rendered,,visual_ocr_raw,,stage disabled in this mode,/private/tmp/chungmaru-android-pipeline-benchmark-20260602T174241/runs/20260602T174241-s3_ocr_roi_only-4
20260602T174241-s3_ocr_roi_only-5,s3_ocr_roi_only,3,pipeline-03-ocr-roi,01,collect,Accessibility Service,no,,collect_ms,,node_collection_ms,screen_candidates,,node_count,,stage disabled in this mode,/private/tmp/chungmaru-android-pipeline-benchmark-20260602T174241/runs/20260602T174241-s3_ocr_roi_only-5
20260602T174241-s3_ocr_roi_only-5,s3_ocr_roi_only,3,pipeline-03-ocr-roi,02,analyze,Android Analysis API,no,,backend_api_ms,,backend_e2e_ms,offensive,,filtered,,stage disabled in this mode,/private/tmp/chungmaru-android-pipeline-benchmark-20260602T174241/runs/20260602T174241-s3_ocr_roi_only-5
20260602T174241-s3_ocr_roi_only-5,s3_ocr_roi_only,3,pipeline-03-ocr-roi,03,ocr_roi,OCR ROI,yes,,ocr_ms,,visual_roi_planning_ms,visual_roi_selected,2,visual_ocr_selected,0,ROI-limited OCR supplement,/private/tmp/chungmaru-android-pipeline-benchmark-20260602T174241/runs/20260602T174241-s3_ocr_roi_only-5
20260602T174241-s3_ocr_roi_only-5,s3_ocr_roi_only,3,pipeline-03-ocr-roi,04,coordinate,char box / line estimate,no,,coord_ms,,candidate_parallel_wait_ms,char_range_candidates,,overlay_candidates,,stage disabled in this mode,/private/tmp/chungmaru-android-pipeline-benchmark-20260602T174241/runs/20260602T174241-s3_ocr_roi_only-5
20260602T174241-s3_ocr_roi_only-5,s3_ocr_roi_only,3,pipeline-03-ocr-roi,05,display,overlay gate,no,,display_ms,,candidate_post_processing_ms,overlay_rendered,,visual_ocr_raw,,stage disabled in this mode,/private/tmp/chungmaru-android-pipeline-benchmark-20260602T174241/runs/20260602T174241-s3_ocr_roi_only-5
20260602T174241-s3_ocr_roi_only-6,s3_ocr_roi_only,3,pipeline-03-ocr-roi,01,collect,Accessibility Service,no,,collect_ms,,node_collection_ms,screen_candidates,,node_count,,stage disabled in this mode,/private/tmp/chungmaru-android-pipeline-benchmark-20260602T174241/runs/20260602T174241-s3_ocr_roi_only-6
20260602T174241-s3_ocr_roi_only-6,s3_ocr_roi_only,3,pipeline-03-ocr-roi,02,analyze,Android Analysis API,no,,backend_api_ms,,backend_e2e_ms,offensive,,filtered,,stage disabled in this mode,/private/tmp/chungmaru-android-pipeline-benchmark-20260602T174241/runs/20260602T174241-s3_ocr_roi_only-6
20260602T174241-s3_ocr_roi_only-6,s3_ocr_roi_only,3,pipeline-03-ocr-roi,03,ocr_roi,OCR ROI,yes,233,ocr_ms,,visual_roi_planning_ms,visual_roi_selected,2,visual_ocr_selected,0,ROI-limited OCR supplement,/private/tmp/chungmaru-android-pipeline-benchmark-20260602T174241/runs/20260602T174241-s3_ocr_roi_only-6
20260602T174241-s3_ocr_roi_only-6,s3_ocr_roi_only,3,pipeline-03-ocr-roi,04,coordinate,char box / line estimate,no,,coord_ms,,candidate_parallel_wait_ms,char_range_candidates,,overlay_candidates,,stage disabled in this mode,/private/tmp/chungmaru-android-pipeline-benchmark-20260602T174241/runs/20260602T174241-s3_ocr_roi_only-6
20260602T174241-s3_ocr_roi_only-6,s3_ocr_roi_only,3,pipeline-03-ocr-roi,05,display,overlay gate,no,,display_ms,,candidate_post_processing_ms,overlay_rendered,,visual_ocr_raw,,stage disabled in this mode,/private/tmp/chungmaru-android-pipeline-benchmark-20260602T174241/runs/20260602T174241-s3_ocr_roi_only-6
20260602T174241-s3_ocr_roi_only-7,s3_ocr_roi_only,3,pipeline-03-ocr-roi,01,collect,Accessibility Service,no,,collect_ms,,node_collection_ms,screen_candidates,,node_count,,stage disabled in this mode,/private/tmp/chungmaru-android-pipeline-benchmark-20260602T174241/runs/20260602T174241-s3_ocr_roi_only-7
20260602T174241-s3_ocr_roi_only-7,s3_ocr_roi_only,3,pipeline-03-ocr-roi,02,analyze,Android Analysis API,no,,backend_api_ms,,backend_e2e_ms,offensive,,filtered,,stage disabled in this mode,/private/tmp/chungmaru-android-pipeline-benchmark-20260602T174241/runs/20260602T174241-s3_ocr_roi_only-7
20260602T174241-s3_ocr_roi_only-7,s3_ocr_roi_only,3,pipeline-03-ocr-roi,03,ocr_roi,OCR ROI,yes,,ocr_ms,,visual_roi_planning_ms,visual_roi_selected,2,visual_ocr_selected,0,ROI-limited OCR supplement,/private/tmp/chungmaru-android-pipeline-benchmark-20260602T174241/runs/20260602T174241-s3_ocr_roi_only-7
20260602T174241-s3_ocr_roi_only-7,s3_ocr_roi_only,3,pipeline-03-ocr-roi,04,coordinate,char box / line estimate,no,,coord_ms,,candidate_parallel_wait_ms,char_range_candidates,,overlay_candidates,,stage disabled in this mode,/private/tmp/chungmaru-android-pipeline-benchmark-20260602T174241/runs/20260602T174241-s3_ocr_roi_only-7
20260602T174241-s3_ocr_roi_only-7,s3_ocr_roi_only,3,pipeline-03-ocr-roi,05,display,overlay gate,no,,display_ms,,candidate_post_processing_ms,overlay_rendered,,visual_ocr_raw,,stage disabled in this mode,/private/tmp/chungmaru-android-pipeline-benchmark-20260602T174241/runs/20260602T174241-s3_ocr_roi_only-7
20260602T174241-s3_ocr_roi_only-8,s3_ocr_roi_only,3,pipeline-03-ocr-roi,01,collect,Accessibility Service,no,,collect_ms,,node_collection_ms,screen_candidates,,node_count,,stage disabled in this mode,/private/tmp/chungmaru-android-pipeline-benchmark-20260602T174241/runs/20260602T174241-s3_ocr_roi_only-8
20260602T174241-s3_ocr_roi_only-8,s3_ocr_roi_only,3,pipeline-03-ocr-roi,02,analyze,Android Analysis API,no,,backend_api_ms,,backend_e2e_ms,offensive,,filtered,,stage disabled in this mode,/private/tmp/chungmaru-android-pipeline-benchmark-20260602T174241/runs/20260602T174241-s3_ocr_roi_only-8
20260602T174241-s3_ocr_roi_only-8,s3_ocr_roi_only,3,pipeline-03-ocr-roi,03,ocr_roi,OCR ROI,yes,475,ocr_ms,,visual_roi_planning_ms,visual_roi_selected,2,visual_ocr_selected,1,ROI-limited OCR supplement,/private/tmp/chungmaru-android-pipeline-benchmark-20260602T174241/runs/20260602T174241-s3_ocr_roi_only-8
20260602T174241-s3_ocr_roi_only-8,s3_ocr_roi_only,3,pipeline-03-ocr-roi,04,coordinate,char box / line estimate,no,,coord_ms,,candidate_parallel_wait_ms,char_range_candidates,,overlay_candidates,,stage disabled in this mode,/private/tmp/chungmaru-android-pipeline-benchmark-20260602T174241/runs/20260602T174241-s3_ocr_roi_only-8
20260602T174241-s3_ocr_roi_only-8,s3_ocr_roi_only,3,pipeline-03-ocr-roi,05,display,overlay gate,no,,display_ms,,candidate_post_processing_ms,overlay_rendered,,visual_ocr_raw,,stage disabled in this mode,/private/tmp/chungmaru-android-pipeline-benchmark-20260602T174241/runs/20260602T174241-s3_ocr_roi_only-8
20260602T174241-s3_ocr_roi_only-9,s3_ocr_roi_only,3,pipeline-03-ocr-roi,01,collect,Accessibility Service,no,,collect_ms,,node_collection_ms,screen_candidates,,node_count,,stage disabled in this mode,/private/tmp/chungmaru-android-pipeline-benchmark-20260602T174241/runs/20260602T174241-s3_ocr_roi_only-9
20260602T174241-s3_ocr_roi_only-9,s3_ocr_roi_only,3,pipeline-03-ocr-roi,02,analyze,Android Analysis API,no,,backend_api_ms,,backend_e2e_ms,offensive,,filtered,,stage disabled in this mode,/private/tmp/chungmaru-android-pipeline-benchmark-20260602T174241/runs/20260602T174241-s3_ocr_roi_only-9
20260602T174241-s3_ocr_roi_only-9,s3_ocr_roi_only,3,pipeline-03-ocr-roi,03,ocr_roi,OCR ROI,yes,482,ocr_ms,,visual_roi_planning_ms,visual_roi_selected,2,visual_ocr_selected,1,ROI-limited OCR supplement,/private/tmp/chungmaru-android-pipeline-benchmark-20260602T174241/runs/20260602T174241-s3_ocr_roi_only-9
20260602T174241-s3_ocr_roi_only-9,s3_ocr_roi_only,3,pipeline-03-ocr-roi,04,coordinate,char box / line estimate,no,,coord_ms,,candidate_parallel_wait_ms,char_range_candidates,,overlay_candidates,,stage disabled in this mode,/private/tmp/chungmaru-android-pipeline-benchmark-20260602T174241/runs/20260602T174241-s3_ocr_roi_only-9
20260602T174241-s3_ocr_roi_only-9,s3_ocr_roi_only,3,pipeline-03-ocr-roi,05,display,overlay gate,no,,display_ms,,candidate_post_processing_ms,overlay_rendered,,visual_ocr_raw,,stage disabled in this mode,/private/tmp/chungmaru-android-pipeline-benchmark-20260602T174241/runs/20260602T174241-s3_ocr_roi_only-9
20260602T174241-s3_ocr_roi_only-10,s3_ocr_roi_only,3,pipeline-03-ocr-roi,01,collect,Accessibility Service,no,,collect_ms,,node_collection_ms,screen_candidates,,node_count,,stage disabled in this mode,/private/tmp/chungmaru-android-pipeline-benchmark-20260602T174241/runs/20260602T174241-s3_ocr_roi_only-10
20260602T174241-s3_ocr_roi_only-10,s3_ocr_roi_only,3,pipeline-03-ocr-roi,02,analyze,Android Analysis API,no,,backend_api_ms,,backend_e2e_ms,offensive,,filtered,,stage disabled in this mode,/private/tmp/chungmaru-android-pipeline-benchmark-20260602T174241/runs/20260602T174241-s3_ocr_roi_only-10
20260602T174241-s3_ocr_roi_only-10,s3_ocr_roi_only,3,pipeline-03-ocr-roi,03,ocr_roi,OCR ROI,yes,,ocr_ms,,visual_roi_planning_ms,visual_roi_selected,2,visual_ocr_selected,0,ROI-limited OCR supplement,/private/tmp/chungmaru-android-pipeline-benchmark-20260602T174241/runs/20260602T174241-s3_ocr_roi_only-10
20260602T174241-s3_ocr_roi_only-10,s3_ocr_roi_only,3,pipeline-03-ocr-roi,04,coordinate,char box / line estimate,no,,coord_ms,,candidate_parallel_wait_ms,char_range_candidates,,overlay_candidates,,stage disabled in this mode,/private/tmp/chungmaru-android-pipeline-benchmark-20260602T174241/runs/20260602T174241-s3_ocr_roi_only-10
20260602T174241-s3_ocr_roi_only-10,s3_ocr_roi_only,3,pipeline-03-ocr-roi,05,display,overlay gate,no,,display_ms,,candidate_post_processing_ms,overlay_rendered,,visual_ocr_raw,,stage disabled in this mode,/private/tmp/chungmaru-android-pipeline-benchmark-20260602T174241/runs/20260602T174241-s3_ocr_roi_only-10
20260602T174241-s4_coord_only-1,s4_coord_only,4,pipeline-04-coordinate,01,collect,Accessibility Service,no,,collect_ms,,node_collection_ms,screen_candidates,,node_count,,stage disabled in this mode,/private/tmp/chungmaru-android-pipeline-benchmark-20260602T174241/runs/20260602T174241-s4_coord_only-1
20260602T174241-s4_coord_only-1,s4_coord_only,4,pipeline-04-coordinate,02,analyze,Android Analysis API,no,,backend_api_ms,,backend_e2e_ms,offensive,,filtered,,stage disabled in this mode,/private/tmp/chungmaru-android-pipeline-benchmark-20260602T174241/runs/20260602T174241-s4_coord_only-1
20260602T174241-s4_coord_only-1,s4_coord_only,4,pipeline-04-coordinate,03,ocr_roi,OCR ROI,no,,ocr_ms,,visual_roi_planning_ms,visual_roi_selected,,visual_ocr_selected,,stage disabled in this mode,/private/tmp/chungmaru-android-pipeline-benchmark-20260602T174241/runs/20260602T174241-s4_coord_only-1
20260602T174241-s4_coord_only-1,s4_coord_only,4,pipeline-04-coordinate,04,coordinate,char box / line estimate,yes,45,coord_ms,45,candidate_parallel_wait_ms,char_range_candidates,3,overlay_candidates,0,coordinate recovery and renderable mask planning,/private/tmp/chungmaru-android-pipeline-benchmark-20260602T174241/runs/20260602T174241-s4_coord_only-1
20260602T174241-s4_coord_only-1,s4_coord_only,4,pipeline-04-coordinate,05,display,overlay gate,no,,display_ms,,candidate_post_processing_ms,overlay_rendered,,visual_ocr_raw,,stage disabled in this mode,/private/tmp/chungmaru-android-pipeline-benchmark-20260602T174241/runs/20260602T174241-s4_coord_only-1
20260602T174241-s4_coord_only-2,s4_coord_only,4,pipeline-04-coordinate,01,collect,Accessibility Service,no,,collect_ms,,node_collection_ms,screen_candidates,,node_count,,stage disabled in this mode,/private/tmp/chungmaru-android-pipeline-benchmark-20260602T174241/runs/20260602T174241-s4_coord_only-2
20260602T174241-s4_coord_only-2,s4_coord_only,4,pipeline-04-coordinate,02,analyze,Android Analysis API,no,,backend_api_ms,,backend_e2e_ms,offensive,,filtered,,stage disabled in this mode,/private/tmp/chungmaru-android-pipeline-benchmark-20260602T174241/runs/20260602T174241-s4_coord_only-2
20260602T174241-s4_coord_only-2,s4_coord_only,4,pipeline-04-coordinate,03,ocr_roi,OCR ROI,no,,ocr_ms,,visual_roi_planning_ms,visual_roi_selected,,visual_ocr_selected,,stage disabled in this mode,/private/tmp/chungmaru-android-pipeline-benchmark-20260602T174241/runs/20260602T174241-s4_coord_only-2
20260602T174241-s4_coord_only-2,s4_coord_only,4,pipeline-04-coordinate,04,coordinate,char box / line estimate,yes,41,coord_ms,41,candidate_parallel_wait_ms,char_range_candidates,3,overlay_candidates,0,coordinate recovery and renderable mask planning,/private/tmp/chungmaru-android-pipeline-benchmark-20260602T174241/runs/20260602T174241-s4_coord_only-2
20260602T174241-s4_coord_only-2,s4_coord_only,4,pipeline-04-coordinate,05,display,overlay gate,no,,display_ms,,candidate_post_processing_ms,overlay_rendered,,visual_ocr_raw,,stage disabled in this mode,/private/tmp/chungmaru-android-pipeline-benchmark-20260602T174241/runs/20260602T174241-s4_coord_only-2
20260602T174241-s4_coord_only-3,s4_coord_only,4,pipeline-04-coordinate,01,collect,Accessibility Service,no,,collect_ms,,node_collection_ms,screen_candidates,,node_count,,stage disabled in this mode,/private/tmp/chungmaru-android-pipeline-benchmark-20260602T174241/runs/20260602T174241-s4_coord_only-3
20260602T174241-s4_coord_only-3,s4_coord_only,4,pipeline-04-coordinate,02,analyze,Android Analysis API,no,,backend_api_ms,,backend_e2e_ms,offensive,,filtered,,stage disabled in this mode,/private/tmp/chungmaru-android-pipeline-benchmark-20260602T174241/runs/20260602T174241-s4_coord_only-3
20260602T174241-s4_coord_only-3,s4_coord_only,4,pipeline-04-coordinate,03,ocr_roi,OCR ROI,no,,ocr_ms,,visual_roi_planning_ms,visual_roi_selected,,visual_ocr_selected,,stage disabled in this mode,/private/tmp/chungmaru-android-pipeline-benchmark-20260602T174241/runs/20260602T174241-s4_coord_only-3
20260602T174241-s4_coord_only-3,s4_coord_only,4,pipeline-04-coordinate,04,coordinate,char box / line estimate,yes,57,coord_ms,57,candidate_parallel_wait_ms,char_range_candidates,3,overlay_candidates,0,coordinate recovery and renderable mask planning,/private/tmp/chungmaru-android-pipeline-benchmark-20260602T174241/runs/20260602T174241-s4_coord_only-3
20260602T174241-s4_coord_only-3,s4_coord_only,4,pipeline-04-coordinate,05,display,overlay gate,no,,display_ms,,candidate_post_processing_ms,overlay_rendered,,visual_ocr_raw,,stage disabled in this mode,/private/tmp/chungmaru-android-pipeline-benchmark-20260602T174241/runs/20260602T174241-s4_coord_only-3
20260602T174241-s4_coord_only-4,s4_coord_only,4,pipeline-04-coordinate,01,collect,Accessibility Service,no,,collect_ms,,node_collection_ms,screen_candidates,,node_count,,stage disabled in this mode,/private/tmp/chungmaru-android-pipeline-benchmark-20260602T174241/runs/20260602T174241-s4_coord_only-4
20260602T174241-s4_coord_only-4,s4_coord_only,4,pipeline-04-coordinate,02,analyze,Android Analysis API,no,,backend_api_ms,,backend_e2e_ms,offensive,,filtered,,stage disabled in this mode,/private/tmp/chungmaru-android-pipeline-benchmark-20260602T174241/runs/20260602T174241-s4_coord_only-4
20260602T174241-s4_coord_only-4,s4_coord_only,4,pipeline-04-coordinate,03,ocr_roi,OCR ROI,no,,ocr_ms,,visual_roi_planning_ms,visual_roi_selected,,visual_ocr_selected,,stage disabled in this mode,/private/tmp/chungmaru-android-pipeline-benchmark-20260602T174241/runs/20260602T174241-s4_coord_only-4
20260602T174241-s4_coord_only-4,s4_coord_only,4,pipeline-04-coordinate,04,coordinate,char box / line estimate,yes,74,coord_ms,74,candidate_parallel_wait_ms,char_range_candidates,3,overlay_candidates,0,coordinate recovery and renderable mask planning,/private/tmp/chungmaru-android-pipeline-benchmark-20260602T174241/runs/20260602T174241-s4_coord_only-4
20260602T174241-s4_coord_only-4,s4_coord_only,4,pipeline-04-coordinate,05,display,overlay gate,no,,display_ms,,candidate_post_processing_ms,overlay_rendered,,visual_ocr_raw,,stage disabled in this mode,/private/tmp/chungmaru-android-pipeline-benchmark-20260602T174241/runs/20260602T174241-s4_coord_only-4
20260602T174241-s4_coord_only-5,s4_coord_only,4,pipeline-04-coordinate,01,collect,Accessibility Service,no,,collect_ms,,node_collection_ms,screen_candidates,,node_count,,stage disabled in this mode,/private/tmp/chungmaru-android-pipeline-benchmark-20260602T174241/runs/20260602T174241-s4_coord_only-5
20260602T174241-s4_coord_only-5,s4_coord_only,4,pipeline-04-coordinate,02,analyze,Android Analysis API,no,,backend_api_ms,,backend_e2e_ms,offensive,,filtered,,stage disabled in this mode,/private/tmp/chungmaru-android-pipeline-benchmark-20260602T174241/runs/20260602T174241-s4_coord_only-5
20260602T174241-s4_coord_only-5,s4_coord_only,4,pipeline-04-coordinate,03,ocr_roi,OCR ROI,no,,ocr_ms,,visual_roi_planning_ms,visual_roi_selected,,visual_ocr_selected,,stage disabled in this mode,/private/tmp/chungmaru-android-pipeline-benchmark-20260602T174241/runs/20260602T174241-s4_coord_only-5
20260602T174241-s4_coord_only-5,s4_coord_only,4,pipeline-04-coordinate,04,coordinate,char box / line estimate,yes,40,coord_ms,40,candidate_parallel_wait_ms,char_range_candidates,3,overlay_candidates,0,coordinate recovery and renderable mask planning,/private/tmp/chungmaru-android-pipeline-benchmark-20260602T174241/runs/20260602T174241-s4_coord_only-5
20260602T174241-s4_coord_only-5,s4_coord_only,4,pipeline-04-coordinate,05,display,overlay gate,no,,display_ms,,candidate_post_processing_ms,overlay_rendered,,visual_ocr_raw,,stage disabled in this mode,/private/tmp/chungmaru-android-pipeline-benchmark-20260602T174241/runs/20260602T174241-s4_coord_only-5
20260602T174241-s4_coord_only-6,s4_coord_only,4,pipeline-04-coordinate,01,collect,Accessibility Service,no,,collect_ms,,node_collection_ms,screen_candidates,,node_count,,stage disabled in this mode,/private/tmp/chungmaru-android-pipeline-benchmark-20260602T174241/runs/20260602T174241-s4_coord_only-6
20260602T174241-s4_coord_only-6,s4_coord_only,4,pipeline-04-coordinate,02,analyze,Android Analysis API,no,,backend_api_ms,,backend_e2e_ms,offensive,,filtered,,stage disabled in this mode,/private/tmp/chungmaru-android-pipeline-benchmark-20260602T174241/runs/20260602T174241-s4_coord_only-6
20260602T174241-s4_coord_only-6,s4_coord_only,4,pipeline-04-coordinate,03,ocr_roi,OCR ROI,no,,ocr_ms,,visual_roi_planning_ms,visual_roi_selected,,visual_ocr_selected,,stage disabled in this mode,/private/tmp/chungmaru-android-pipeline-benchmark-20260602T174241/runs/20260602T174241-s4_coord_only-6
20260602T174241-s4_coord_only-6,s4_coord_only,4,pipeline-04-coordinate,04,coordinate,char box / line estimate,yes,23,coord_ms,23,candidate_parallel_wait_ms,char_range_candidates,3,overlay_candidates,0,coordinate recovery and renderable mask planning,/private/tmp/chungmaru-android-pipeline-benchmark-20260602T174241/runs/20260602T174241-s4_coord_only-6
20260602T174241-s4_coord_only-6,s4_coord_only,4,pipeline-04-coordinate,05,display,overlay gate,no,,display_ms,,candidate_post_processing_ms,overlay_rendered,,visual_ocr_raw,,stage disabled in this mode,/private/tmp/chungmaru-android-pipeline-benchmark-20260602T174241/runs/20260602T174241-s4_coord_only-6
20260602T174241-s4_coord_only-7,s4_coord_only,4,pipeline-04-coordinate,01,collect,Accessibility Service,no,,collect_ms,,node_collection_ms,screen_candidates,,node_count,,stage disabled in this mode,/private/tmp/chungmaru-android-pipeline-benchmark-20260602T174241/runs/20260602T174241-s4_coord_only-7
20260602T174241-s4_coord_only-7,s4_coord_only,4,pipeline-04-coordinate,02,analyze,Android Analysis API,no,,backend_api_ms,,backend_e2e_ms,offensive,,filtered,,stage disabled in this mode,/private/tmp/chungmaru-android-pipeline-benchmark-20260602T174241/runs/20260602T174241-s4_coord_only-7
20260602T174241-s4_coord_only-7,s4_coord_only,4,pipeline-04-coordinate,03,ocr_roi,OCR ROI,no,,ocr_ms,,visual_roi_planning_ms,visual_roi_selected,,visual_ocr_selected,,stage disabled in this mode,/private/tmp/chungmaru-android-pipeline-benchmark-20260602T174241/runs/20260602T174241-s4_coord_only-7
20260602T174241-s4_coord_only-7,s4_coord_only,4,pipeline-04-coordinate,04,coordinate,char box / line estimate,yes,27,coord_ms,27,candidate_parallel_wait_ms,char_range_candidates,3,overlay_candidates,0,coordinate recovery and renderable mask planning,/private/tmp/chungmaru-android-pipeline-benchmark-20260602T174241/runs/20260602T174241-s4_coord_only-7
20260602T174241-s4_coord_only-7,s4_coord_only,4,pipeline-04-coordinate,05,display,overlay gate,no,,display_ms,,candidate_post_processing_ms,overlay_rendered,,visual_ocr_raw,,stage disabled in this mode,/private/tmp/chungmaru-android-pipeline-benchmark-20260602T174241/runs/20260602T174241-s4_coord_only-7
20260602T174241-s4_coord_only-8,s4_coord_only,4,pipeline-04-coordinate,01,collect,Accessibility Service,no,,collect_ms,,node_collection_ms,screen_candidates,,node_count,,stage disabled in this mode,/private/tmp/chungmaru-android-pipeline-benchmark-20260602T174241/runs/20260602T174241-s4_coord_only-8
20260602T174241-s4_coord_only-8,s4_coord_only,4,pipeline-04-coordinate,02,analyze,Android Analysis API,no,,backend_api_ms,,backend_e2e_ms,offensive,,filtered,,stage disabled in this mode,/private/tmp/chungmaru-android-pipeline-benchmark-20260602T174241/runs/20260602T174241-s4_coord_only-8
20260602T174241-s4_coord_only-8,s4_coord_only,4,pipeline-04-coordinate,03,ocr_roi,OCR ROI,no,,ocr_ms,,visual_roi_planning_ms,visual_roi_selected,,visual_ocr_selected,,stage disabled in this mode,/private/tmp/chungmaru-android-pipeline-benchmark-20260602T174241/runs/20260602T174241-s4_coord_only-8
20260602T174241-s4_coord_only-8,s4_coord_only,4,pipeline-04-coordinate,04,coordinate,char box / line estimate,yes,57,coord_ms,57,candidate_parallel_wait_ms,char_range_candidates,3,overlay_candidates,0,coordinate recovery and renderable mask planning,/private/tmp/chungmaru-android-pipeline-benchmark-20260602T174241/runs/20260602T174241-s4_coord_only-8
20260602T174241-s4_coord_only-8,s4_coord_only,4,pipeline-04-coordinate,05,display,overlay gate,no,,display_ms,,candidate_post_processing_ms,overlay_rendered,,visual_ocr_raw,,stage disabled in this mode,/private/tmp/chungmaru-android-pipeline-benchmark-20260602T174241/runs/20260602T174241-s4_coord_only-8
20260602T174241-s4_coord_only-9,s4_coord_only,4,pipeline-04-coordinate,01,collect,Accessibility Service,no,,collect_ms,,node_collection_ms,screen_candidates,,node_count,,stage disabled in this mode,/private/tmp/chungmaru-android-pipeline-benchmark-20260602T174241/runs/20260602T174241-s4_coord_only-9
20260602T174241-s4_coord_only-9,s4_coord_only,4,pipeline-04-coordinate,02,analyze,Android Analysis API,no,,backend_api_ms,,backend_e2e_ms,offensive,,filtered,,stage disabled in this mode,/private/tmp/chungmaru-android-pipeline-benchmark-20260602T174241/runs/20260602T174241-s4_coord_only-9
20260602T174241-s4_coord_only-9,s4_coord_only,4,pipeline-04-coordinate,03,ocr_roi,OCR ROI,no,,ocr_ms,,visual_roi_planning_ms,visual_roi_selected,,visual_ocr_selected,,stage disabled in this mode,/private/tmp/chungmaru-android-pipeline-benchmark-20260602T174241/runs/20260602T174241-s4_coord_only-9
20260602T174241-s4_coord_only-9,s4_coord_only,4,pipeline-04-coordinate,04,coordinate,char box / line estimate,yes,36,coord_ms,36,candidate_parallel_wait_ms,char_range_candidates,3,overlay_candidates,0,coordinate recovery and renderable mask planning,/private/tmp/chungmaru-android-pipeline-benchmark-20260602T174241/runs/20260602T174241-s4_coord_only-9
20260602T174241-s4_coord_only-9,s4_coord_only,4,pipeline-04-coordinate,05,display,overlay gate,no,,display_ms,,candidate_post_processing_ms,overlay_rendered,,visual_ocr_raw,,stage disabled in this mode,/private/tmp/chungmaru-android-pipeline-benchmark-20260602T174241/runs/20260602T174241-s4_coord_only-9
20260602T174241-s4_coord_only-10,s4_coord_only,4,pipeline-04-coordinate,01,collect,Accessibility Service,no,,collect_ms,,node_collection_ms,screen_candidates,,node_count,,stage disabled in this mode,/private/tmp/chungmaru-android-pipeline-benchmark-20260602T174241/runs/20260602T174241-s4_coord_only-10
20260602T174241-s4_coord_only-10,s4_coord_only,4,pipeline-04-coordinate,02,analyze,Android Analysis API,no,,backend_api_ms,,backend_e2e_ms,offensive,,filtered,,stage disabled in this mode,/private/tmp/chungmaru-android-pipeline-benchmark-20260602T174241/runs/20260602T174241-s4_coord_only-10
20260602T174241-s4_coord_only-10,s4_coord_only,4,pipeline-04-coordinate,03,ocr_roi,OCR ROI,no,,ocr_ms,,visual_roi_planning_ms,visual_roi_selected,,visual_ocr_selected,,stage disabled in this mode,/private/tmp/chungmaru-android-pipeline-benchmark-20260602T174241/runs/20260602T174241-s4_coord_only-10
20260602T174241-s4_coord_only-10,s4_coord_only,4,pipeline-04-coordinate,04,coordinate,char box / line estimate,yes,127,coord_ms,127,candidate_parallel_wait_ms,char_range_candidates,3,overlay_candidates,0,coordinate recovery and renderable mask planning,/private/tmp/chungmaru-android-pipeline-benchmark-20260602T174241/runs/20260602T174241-s4_coord_only-10
20260602T174241-s4_coord_only-10,s4_coord_only,4,pipeline-04-coordinate,05,display,overlay gate,no,,display_ms,,candidate_post_processing_ms,overlay_rendered,,visual_ocr_raw,,stage disabled in this mode,/private/tmp/chungmaru-android-pipeline-benchmark-20260602T174241/runs/20260602T174241-s4_coord_only-10
20260602T174241-s5_overlay_only-1,s5_overlay_only,5,pipeline-05-overlay-gate,01,collect,Accessibility Service,no,,collect_ms,,node_collection_ms,screen_candidates,,node_count,,stage disabled in this mode,/private/tmp/chungmaru-android-pipeline-benchmark-20260602T174241/runs/20260602T174241-s5_overlay_only-1
20260602T174241-s5_overlay_only-1,s5_overlay_only,5,pipeline-05-overlay-gate,02,analyze,Android Analysis API,no,,backend_api_ms,,backend_e2e_ms,offensive,,filtered,,stage disabled in this mode,/private/tmp/chungmaru-android-pipeline-benchmark-20260602T174241/runs/20260602T174241-s5_overlay_only-1
20260602T174241-s5_overlay_only-1,s5_overlay_only,5,pipeline-05-overlay-gate,03,ocr_roi,OCR ROI,no,,ocr_ms,,visual_roi_planning_ms,visual_roi_selected,,visual_ocr_selected,,stage disabled in this mode,/private/tmp/chungmaru-android-pipeline-benchmark-20260602T174241/runs/20260602T174241-s5_overlay_only-1
20260602T174241-s5_overlay_only-1,s5_overlay_only,5,pipeline-05-overlay-gate,04,coordinate,char box / line estimate,no,,coord_ms,,candidate_parallel_wait_ms,char_range_candidates,,overlay_candidates,,stage disabled in this mode,/private/tmp/chungmaru-android-pipeline-benchmark-20260602T174241/runs/20260602T174241-s5_overlay_only-1
20260602T174241-s5_overlay_only-1,s5_overlay_only,5,pipeline-05-overlay-gate,05,display,overlay gate,yes,,display_ms,,candidate_post_processing_ms,overlay_rendered,0,visual_ocr_raw,0,overlay render/gate; blank latency means not instrumented in latest diagnostics,/private/tmp/chungmaru-android-pipeline-benchmark-20260602T174241/runs/20260602T174241-s5_overlay_only-1
20260602T174241-s5_overlay_only-2,s5_overlay_only,5,pipeline-05-overlay-gate,01,collect,Accessibility Service,no,,collect_ms,,node_collection_ms,screen_candidates,,node_count,,stage disabled in this mode,/private/tmp/chungmaru-android-pipeline-benchmark-20260602T174241/runs/20260602T174241-s5_overlay_only-2
20260602T174241-s5_overlay_only-2,s5_overlay_only,5,pipeline-05-overlay-gate,02,analyze,Android Analysis API,no,,backend_api_ms,,backend_e2e_ms,offensive,,filtered,,stage disabled in this mode,/private/tmp/chungmaru-android-pipeline-benchmark-20260602T174241/runs/20260602T174241-s5_overlay_only-2
20260602T174241-s5_overlay_only-2,s5_overlay_only,5,pipeline-05-overlay-gate,03,ocr_roi,OCR ROI,no,,ocr_ms,,visual_roi_planning_ms,visual_roi_selected,,visual_ocr_selected,,stage disabled in this mode,/private/tmp/chungmaru-android-pipeline-benchmark-20260602T174241/runs/20260602T174241-s5_overlay_only-2
20260602T174241-s5_overlay_only-2,s5_overlay_only,5,pipeline-05-overlay-gate,04,coordinate,char box / line estimate,no,,coord_ms,,candidate_parallel_wait_ms,char_range_candidates,,overlay_candidates,,stage disabled in this mode,/private/tmp/chungmaru-android-pipeline-benchmark-20260602T174241/runs/20260602T174241-s5_overlay_only-2
20260602T174241-s5_overlay_only-2,s5_overlay_only,5,pipeline-05-overlay-gate,05,display,overlay gate,yes,,display_ms,,candidate_post_processing_ms,overlay_rendered,0,visual_ocr_raw,0,overlay render/gate; blank latency means not instrumented in latest diagnostics,/private/tmp/chungmaru-android-pipeline-benchmark-20260602T174241/runs/20260602T174241-s5_overlay_only-2
20260602T174241-s5_overlay_only-3,s5_overlay_only,5,pipeline-05-overlay-gate,01,collect,Accessibility Service,no,,collect_ms,,node_collection_ms,screen_candidates,,node_count,,stage disabled in this mode,/private/tmp/chungmaru-android-pipeline-benchmark-20260602T174241/runs/20260602T174241-s5_overlay_only-3
20260602T174241-s5_overlay_only-3,s5_overlay_only,5,pipeline-05-overlay-gate,02,analyze,Android Analysis API,no,,backend_api_ms,,backend_e2e_ms,offensive,,filtered,,stage disabled in this mode,/private/tmp/chungmaru-android-pipeline-benchmark-20260602T174241/runs/20260602T174241-s5_overlay_only-3
20260602T174241-s5_overlay_only-3,s5_overlay_only,5,pipeline-05-overlay-gate,03,ocr_roi,OCR ROI,no,,ocr_ms,,visual_roi_planning_ms,visual_roi_selected,,visual_ocr_selected,,stage disabled in this mode,/private/tmp/chungmaru-android-pipeline-benchmark-20260602T174241/runs/20260602T174241-s5_overlay_only-3
20260602T174241-s5_overlay_only-3,s5_overlay_only,5,pipeline-05-overlay-gate,04,coordinate,char box / line estimate,no,,coord_ms,,candidate_parallel_wait_ms,char_range_candidates,,overlay_candidates,,stage disabled in this mode,/private/tmp/chungmaru-android-pipeline-benchmark-20260602T174241/runs/20260602T174241-s5_overlay_only-3
20260602T174241-s5_overlay_only-3,s5_overlay_only,5,pipeline-05-overlay-gate,05,display,overlay gate,yes,,display_ms,,candidate_post_processing_ms,overlay_rendered,0,visual_ocr_raw,0,overlay render/gate; blank latency means not instrumented in latest diagnostics,/private/tmp/chungmaru-android-pipeline-benchmark-20260602T174241/runs/20260602T174241-s5_overlay_only-3
20260602T174241-s5_overlay_only-4,s5_overlay_only,5,pipeline-05-overlay-gate,01,collect,Accessibility Service,no,,collect_ms,,node_collection_ms,screen_candidates,,node_count,,stage disabled in this mode,/private/tmp/chungmaru-android-pipeline-benchmark-20260602T174241/runs/20260602T174241-s5_overlay_only-4
20260602T174241-s5_overlay_only-4,s5_overlay_only,5,pipeline-05-overlay-gate,02,analyze,Android Analysis API,no,,backend_api_ms,,backend_e2e_ms,offensive,,filtered,,stage disabled in this mode,/private/tmp/chungmaru-android-pipeline-benchmark-20260602T174241/runs/20260602T174241-s5_overlay_only-4
20260602T174241-s5_overlay_only-4,s5_overlay_only,5,pipeline-05-overlay-gate,03,ocr_roi,OCR ROI,no,,ocr_ms,,visual_roi_planning_ms,visual_roi_selected,,visual_ocr_selected,,stage disabled in this mode,/private/tmp/chungmaru-android-pipeline-benchmark-20260602T174241/runs/20260602T174241-s5_overlay_only-4
20260602T174241-s5_overlay_only-4,s5_overlay_only,5,pipeline-05-overlay-gate,04,coordinate,char box / line estimate,no,,coord_ms,,candidate_parallel_wait_ms,char_range_candidates,,overlay_candidates,,stage disabled in this mode,/private/tmp/chungmaru-android-pipeline-benchmark-20260602T174241/runs/20260602T174241-s5_overlay_only-4
20260602T174241-s5_overlay_only-4,s5_overlay_only,5,pipeline-05-overlay-gate,05,display,overlay gate,yes,,display_ms,,candidate_post_processing_ms,overlay_rendered,0,visual_ocr_raw,0,overlay render/gate; blank latency means not instrumented in latest diagnostics,/private/tmp/chungmaru-android-pipeline-benchmark-20260602T174241/runs/20260602T174241-s5_overlay_only-4
20260602T174241-s5_overlay_only-5,s5_overlay_only,5,pipeline-05-overlay-gate,01,collect,Accessibility Service,no,,collect_ms,,node_collection_ms,screen_candidates,,node_count,,stage disabled in this mode,/private/tmp/chungmaru-android-pipeline-benchmark-20260602T174241/runs/20260602T174241-s5_overlay_only-5
20260602T174241-s5_overlay_only-5,s5_overlay_only,5,pipeline-05-overlay-gate,02,analyze,Android Analysis API,no,,backend_api_ms,,backend_e2e_ms,offensive,,filtered,,stage disabled in this mode,/private/tmp/chungmaru-android-pipeline-benchmark-20260602T174241/runs/20260602T174241-s5_overlay_only-5
20260602T174241-s5_overlay_only-5,s5_overlay_only,5,pipeline-05-overlay-gate,03,ocr_roi,OCR ROI,no,,ocr_ms,,visual_roi_planning_ms,visual_roi_selected,,visual_ocr_selected,,stage disabled in this mode,/private/tmp/chungmaru-android-pipeline-benchmark-20260602T174241/runs/20260602T174241-s5_overlay_only-5
20260602T174241-s5_overlay_only-5,s5_overlay_only,5,pipeline-05-overlay-gate,04,coordinate,char box / line estimate,no,,coord_ms,,candidate_parallel_wait_ms,char_range_candidates,,overlay_candidates,,stage disabled in this mode,/private/tmp/chungmaru-android-pipeline-benchmark-20260602T174241/runs/20260602T174241-s5_overlay_only-5
20260602T174241-s5_overlay_only-5,s5_overlay_only,5,pipeline-05-overlay-gate,05,display,overlay gate,yes,,display_ms,,candidate_post_processing_ms,overlay_rendered,0,visual_ocr_raw,0,overlay render/gate; blank latency means not instrumented in latest diagnostics,/private/tmp/chungmaru-android-pipeline-benchmark-20260602T174241/runs/20260602T174241-s5_overlay_only-5
20260602T174241-s5_overlay_only-6,s5_overlay_only,5,pipeline-05-overlay-gate,01,collect,Accessibility Service,no,,collect_ms,,node_collection_ms,screen_candidates,,node_count,,stage disabled in this mode,/private/tmp/chungmaru-android-pipeline-benchmark-20260602T174241/runs/20260602T174241-s5_overlay_only-6
20260602T174241-s5_overlay_only-6,s5_overlay_only,5,pipeline-05-overlay-gate,02,analyze,Android Analysis API,no,,backend_api_ms,,backend_e2e_ms,offensive,,filtered,,stage disabled in this mode,/private/tmp/chungmaru-android-pipeline-benchmark-20260602T174241/runs/20260602T174241-s5_overlay_only-6
20260602T174241-s5_overlay_only-6,s5_overlay_only,5,pipeline-05-overlay-gate,03,ocr_roi,OCR ROI,no,,ocr_ms,,visual_roi_planning_ms,visual_roi_selected,,visual_ocr_selected,,stage disabled in this mode,/private/tmp/chungmaru-android-pipeline-benchmark-20260602T174241/runs/20260602T174241-s5_overlay_only-6
20260602T174241-s5_overlay_only-6,s5_overlay_only,5,pipeline-05-overlay-gate,04,coordinate,char box / line estimate,no,,coord_ms,,candidate_parallel_wait_ms,char_range_candidates,,overlay_candidates,,stage disabled in this mode,/private/tmp/chungmaru-android-pipeline-benchmark-20260602T174241/runs/20260602T174241-s5_overlay_only-6
20260602T174241-s5_overlay_only-6,s5_overlay_only,5,pipeline-05-overlay-gate,05,display,overlay gate,yes,,display_ms,,candidate_post_processing_ms,overlay_rendered,0,visual_ocr_raw,0,overlay render/gate; blank latency means not instrumented in latest diagnostics,/private/tmp/chungmaru-android-pipeline-benchmark-20260602T174241/runs/20260602T174241-s5_overlay_only-6
20260602T174241-s5_overlay_only-7,s5_overlay_only,5,pipeline-05-overlay-gate,01,collect,Accessibility Service,no,,collect_ms,,node_collection_ms,screen_candidates,,node_count,,stage disabled in this mode,/private/tmp/chungmaru-android-pipeline-benchmark-20260602T174241/runs/20260602T174241-s5_overlay_only-7
20260602T174241-s5_overlay_only-7,s5_overlay_only,5,pipeline-05-overlay-gate,02,analyze,Android Analysis API,no,,backend_api_ms,,backend_e2e_ms,offensive,,filtered,,stage disabled in this mode,/private/tmp/chungmaru-android-pipeline-benchmark-20260602T174241/runs/20260602T174241-s5_overlay_only-7
20260602T174241-s5_overlay_only-7,s5_overlay_only,5,pipeline-05-overlay-gate,03,ocr_roi,OCR ROI,no,,ocr_ms,,visual_roi_planning_ms,visual_roi_selected,,visual_ocr_selected,,stage disabled in this mode,/private/tmp/chungmaru-android-pipeline-benchmark-20260602T174241/runs/20260602T174241-s5_overlay_only-7
20260602T174241-s5_overlay_only-7,s5_overlay_only,5,pipeline-05-overlay-gate,04,coordinate,char box / line estimate,no,,coord_ms,,candidate_parallel_wait_ms,char_range_candidates,,overlay_candidates,,stage disabled in this mode,/private/tmp/chungmaru-android-pipeline-benchmark-20260602T174241/runs/20260602T174241-s5_overlay_only-7
20260602T174241-s5_overlay_only-7,s5_overlay_only,5,pipeline-05-overlay-gate,05,display,overlay gate,yes,,display_ms,,candidate_post_processing_ms,overlay_rendered,0,visual_ocr_raw,0,overlay render/gate; blank latency means not instrumented in latest diagnostics,/private/tmp/chungmaru-android-pipeline-benchmark-20260602T174241/runs/20260602T174241-s5_overlay_only-7
20260602T174241-s5_overlay_only-8,s5_overlay_only,5,pipeline-05-overlay-gate,01,collect,Accessibility Service,no,,collect_ms,,node_collection_ms,screen_candidates,,node_count,,stage disabled in this mode,/private/tmp/chungmaru-android-pipeline-benchmark-20260602T174241/runs/20260602T174241-s5_overlay_only-8
20260602T174241-s5_overlay_only-8,s5_overlay_only,5,pipeline-05-overlay-gate,02,analyze,Android Analysis API,no,,backend_api_ms,,backend_e2e_ms,offensive,,filtered,,stage disabled in this mode,/private/tmp/chungmaru-android-pipeline-benchmark-20260602T174241/runs/20260602T174241-s5_overlay_only-8
20260602T174241-s5_overlay_only-8,s5_overlay_only,5,pipeline-05-overlay-gate,03,ocr_roi,OCR ROI,no,,ocr_ms,,visual_roi_planning_ms,visual_roi_selected,,visual_ocr_selected,,stage disabled in this mode,/private/tmp/chungmaru-android-pipeline-benchmark-20260602T174241/runs/20260602T174241-s5_overlay_only-8
20260602T174241-s5_overlay_only-8,s5_overlay_only,5,pipeline-05-overlay-gate,04,coordinate,char box / line estimate,no,,coord_ms,,candidate_parallel_wait_ms,char_range_candidates,,overlay_candidates,,stage disabled in this mode,/private/tmp/chungmaru-android-pipeline-benchmark-20260602T174241/runs/20260602T174241-s5_overlay_only-8
20260602T174241-s5_overlay_only-8,s5_overlay_only,5,pipeline-05-overlay-gate,05,display,overlay gate,yes,,display_ms,,candidate_post_processing_ms,overlay_rendered,0,visual_ocr_raw,0,overlay render/gate; blank latency means not instrumented in latest diagnostics,/private/tmp/chungmaru-android-pipeline-benchmark-20260602T174241/runs/20260602T174241-s5_overlay_only-8
20260602T174241-s5_overlay_only-9,s5_overlay_only,5,pipeline-05-overlay-gate,01,collect,Accessibility Service,no,,collect_ms,,node_collection_ms,screen_candidates,,node_count,,stage disabled in this mode,/private/tmp/chungmaru-android-pipeline-benchmark-20260602T174241/runs/20260602T174241-s5_overlay_only-9
20260602T174241-s5_overlay_only-9,s5_overlay_only,5,pipeline-05-overlay-gate,02,analyze,Android Analysis API,no,,backend_api_ms,,backend_e2e_ms,offensive,,filtered,,stage disabled in this mode,/private/tmp/chungmaru-android-pipeline-benchmark-20260602T174241/runs/20260602T174241-s5_overlay_only-9
20260602T174241-s5_overlay_only-9,s5_overlay_only,5,pipeline-05-overlay-gate,03,ocr_roi,OCR ROI,no,,ocr_ms,,visual_roi_planning_ms,visual_roi_selected,,visual_ocr_selected,,stage disabled in this mode,/private/tmp/chungmaru-android-pipeline-benchmark-20260602T174241/runs/20260602T174241-s5_overlay_only-9
20260602T174241-s5_overlay_only-9,s5_overlay_only,5,pipeline-05-overlay-gate,04,coordinate,char box / line estimate,no,,coord_ms,,candidate_parallel_wait_ms,char_range_candidates,,overlay_candidates,,stage disabled in this mode,/private/tmp/chungmaru-android-pipeline-benchmark-20260602T174241/runs/20260602T174241-s5_overlay_only-9
20260602T174241-s5_overlay_only-9,s5_overlay_only,5,pipeline-05-overlay-gate,05,display,overlay gate,yes,,display_ms,,candidate_post_processing_ms,overlay_rendered,0,visual_ocr_raw,0,overlay render/gate; blank latency means not instrumented in latest diagnostics,/private/tmp/chungmaru-android-pipeline-benchmark-20260602T174241/runs/20260602T174241-s5_overlay_only-9
20260602T174241-s5_overlay_only-10,s5_overlay_only,5,pipeline-05-overlay-gate,01,collect,Accessibility Service,no,,collect_ms,,node_collection_ms,screen_candidates,,node_count,,stage disabled in this mode,/private/tmp/chungmaru-android-pipeline-benchmark-20260602T174241/runs/20260602T174241-s5_overlay_only-10
20260602T174241-s5_overlay_only-10,s5_overlay_only,5,pipeline-05-overlay-gate,02,analyze,Android Analysis API,no,,backend_api_ms,,backend_e2e_ms,offensive,,filtered,,stage disabled in this mode,/private/tmp/chungmaru-android-pipeline-benchmark-20260602T174241/runs/20260602T174241-s5_overlay_only-10
20260602T174241-s5_overlay_only-10,s5_overlay_only,5,pipeline-05-overlay-gate,03,ocr_roi,OCR ROI,no,,ocr_ms,,visual_roi_planning_ms,visual_roi_selected,,visual_ocr_selected,,stage disabled in this mode,/private/tmp/chungmaru-android-pipeline-benchmark-20260602T174241/runs/20260602T174241-s5_overlay_only-10
20260602T174241-s5_overlay_only-10,s5_overlay_only,5,pipeline-05-overlay-gate,04,coordinate,char box / line estimate,no,,coord_ms,,candidate_parallel_wait_ms,char_range_candidates,,overlay_candidates,,stage disabled in this mode,/private/tmp/chungmaru-android-pipeline-benchmark-20260602T174241/runs/20260602T174241-s5_overlay_only-10
20260602T174241-s5_overlay_only-10,s5_overlay_only,5,pipeline-05-overlay-gate,05,display,overlay gate,yes,,display_ms,,candidate_post_processing_ms,overlay_rendered,0,visual_ocr_raw,0,overlay render/gate; blank latency means not instrumented in latest diagnostics,/private/tmp/chungmaru-android-pipeline-benchmark-20260602T174241/runs/20260602T174241-s5_overlay_only-10
20260602T174241-s12_collect_backend-1,s12_collect_backend,1+2,pipeline-01-02,01,collect,Accessibility Service,yes,628,collect_ms,,node_collection_ms,screen_candidates,14,node_count,8,candidate extraction total; submetrics include node collection, ROI planning, candidate extraction, post processing,/private/tmp/chungmaru-android-pipeline-benchmark-20260602T174241/runs/20260602T174241-s12_collect_backend-1
20260602T174241-s12_collect_backend-1,s12_collect_backend,1+2,pipeline-01-02,02,analyze,Android Analysis API,yes,658,backend_api_ms,32,backend_e2e_ms,offensive,1,filtered,0,backend/API analysis and masking decision,/private/tmp/chungmaru-android-pipeline-benchmark-20260602T174241/runs/20260602T174241-s12_collect_backend-1
20260602T174241-s12_collect_backend-1,s12_collect_backend,1+2,pipeline-01-02,03,ocr_roi,OCR ROI,no,,ocr_ms,,visual_roi_planning_ms,visual_roi_selected,,visual_ocr_selected,,stage disabled in this mode,/private/tmp/chungmaru-android-pipeline-benchmark-20260602T174241/runs/20260602T174241-s12_collect_backend-1
20260602T174241-s12_collect_backend-1,s12_collect_backend,1+2,pipeline-01-02,04,coordinate,char box / line estimate,no,,coord_ms,,candidate_parallel_wait_ms,char_range_candidates,,overlay_candidates,,stage disabled in this mode,/private/tmp/chungmaru-android-pipeline-benchmark-20260602T174241/runs/20260602T174241-s12_collect_backend-1
20260602T174241-s12_collect_backend-1,s12_collect_backend,1+2,pipeline-01-02,05,display,overlay gate,no,,display_ms,,candidate_post_processing_ms,overlay_rendered,,visual_ocr_raw,,stage disabled in this mode,/private/tmp/chungmaru-android-pipeline-benchmark-20260602T174241/runs/20260602T174241-s12_collect_backend-1
20260602T174241-s12_collect_backend-2,s12_collect_backend,1+2,pipeline-01-02,01,collect,Accessibility Service,yes,565,collect_ms,,node_collection_ms,screen_candidates,14,node_count,8,candidate extraction total; submetrics include node collection, ROI planning, candidate extraction, post processing,/private/tmp/chungmaru-android-pipeline-benchmark-20260602T174241/runs/20260602T174241-s12_collect_backend-2
20260602T174241-s12_collect_backend-2,s12_collect_backend,1+2,pipeline-01-02,02,analyze,Android Analysis API,yes,199,backend_api_ms,14,backend_e2e_ms,offensive,1,filtered,0,backend/API analysis and masking decision,/private/tmp/chungmaru-android-pipeline-benchmark-20260602T174241/runs/20260602T174241-s12_collect_backend-2
20260602T174241-s12_collect_backend-2,s12_collect_backend,1+2,pipeline-01-02,03,ocr_roi,OCR ROI,no,,ocr_ms,,visual_roi_planning_ms,visual_roi_selected,,visual_ocr_selected,,stage disabled in this mode,/private/tmp/chungmaru-android-pipeline-benchmark-20260602T174241/runs/20260602T174241-s12_collect_backend-2
20260602T174241-s12_collect_backend-2,s12_collect_backend,1+2,pipeline-01-02,04,coordinate,char box / line estimate,no,,coord_ms,,candidate_parallel_wait_ms,char_range_candidates,,overlay_candidates,,stage disabled in this mode,/private/tmp/chungmaru-android-pipeline-benchmark-20260602T174241/runs/20260602T174241-s12_collect_backend-2
20260602T174241-s12_collect_backend-2,s12_collect_backend,1+2,pipeline-01-02,05,display,overlay gate,no,,display_ms,,candidate_post_processing_ms,overlay_rendered,,visual_ocr_raw,,stage disabled in this mode,/private/tmp/chungmaru-android-pipeline-benchmark-20260602T174241/runs/20260602T174241-s12_collect_backend-2
20260602T174241-s12_collect_backend-3,s12_collect_backend,1+2,pipeline-01-02,01,collect,Accessibility Service,yes,716,collect_ms,,node_collection_ms,screen_candidates,14,node_count,8,candidate extraction total; submetrics include node collection, ROI planning, candidate extraction, post processing,/private/tmp/chungmaru-android-pipeline-benchmark-20260602T174241/runs/20260602T174241-s12_collect_backend-3
20260602T174241-s12_collect_backend-3,s12_collect_backend,1+2,pipeline-01-02,02,analyze,Android Analysis API,yes,180,backend_api_ms,27,backend_e2e_ms,offensive,1,filtered,0,backend/API analysis and masking decision,/private/tmp/chungmaru-android-pipeline-benchmark-20260602T174241/runs/20260602T174241-s12_collect_backend-3
20260602T174241-s12_collect_backend-3,s12_collect_backend,1+2,pipeline-01-02,03,ocr_roi,OCR ROI,no,,ocr_ms,,visual_roi_planning_ms,visual_roi_selected,,visual_ocr_selected,,stage disabled in this mode,/private/tmp/chungmaru-android-pipeline-benchmark-20260602T174241/runs/20260602T174241-s12_collect_backend-3
20260602T174241-s12_collect_backend-3,s12_collect_backend,1+2,pipeline-01-02,04,coordinate,char box / line estimate,no,,coord_ms,,candidate_parallel_wait_ms,char_range_candidates,,overlay_candidates,,stage disabled in this mode,/private/tmp/chungmaru-android-pipeline-benchmark-20260602T174241/runs/20260602T174241-s12_collect_backend-3
20260602T174241-s12_collect_backend-3,s12_collect_backend,1+2,pipeline-01-02,05,display,overlay gate,no,,display_ms,,candidate_post_processing_ms,overlay_rendered,,visual_ocr_raw,,stage disabled in this mode,/private/tmp/chungmaru-android-pipeline-benchmark-20260602T174241/runs/20260602T174241-s12_collect_backend-3
20260602T174241-s12_collect_backend-4,s12_collect_backend,1+2,pipeline-01-02,01,collect,Accessibility Service,yes,517,collect_ms,,node_collection_ms,screen_candidates,14,node_count,8,candidate extraction total; submetrics include node collection, ROI planning, candidate extraction, post processing,/private/tmp/chungmaru-android-pipeline-benchmark-20260602T174241/runs/20260602T174241-s12_collect_backend-4
20260602T174241-s12_collect_backend-4,s12_collect_backend,1+2,pipeline-01-02,02,analyze,Android Analysis API,yes,325,backend_api_ms,54,backend_e2e_ms,offensive,1,filtered,0,backend/API analysis and masking decision,/private/tmp/chungmaru-android-pipeline-benchmark-20260602T174241/runs/20260602T174241-s12_collect_backend-4
20260602T174241-s12_collect_backend-4,s12_collect_backend,1+2,pipeline-01-02,03,ocr_roi,OCR ROI,no,,ocr_ms,,visual_roi_planning_ms,visual_roi_selected,,visual_ocr_selected,,stage disabled in this mode,/private/tmp/chungmaru-android-pipeline-benchmark-20260602T174241/runs/20260602T174241-s12_collect_backend-4
20260602T174241-s12_collect_backend-4,s12_collect_backend,1+2,pipeline-01-02,04,coordinate,char box / line estimate,no,,coord_ms,,candidate_parallel_wait_ms,char_range_candidates,,overlay_candidates,,stage disabled in this mode,/private/tmp/chungmaru-android-pipeline-benchmark-20260602T174241/runs/20260602T174241-s12_collect_backend-4
20260602T174241-s12_collect_backend-4,s12_collect_backend,1+2,pipeline-01-02,05,display,overlay gate,no,,display_ms,,candidate_post_processing_ms,overlay_rendered,,visual_ocr_raw,,stage disabled in this mode,/private/tmp/chungmaru-android-pipeline-benchmark-20260602T174241/runs/20260602T174241-s12_collect_backend-4
20260602T174241-s12_collect_backend-5,s12_collect_backend,1+2,pipeline-01-02,01,collect,Accessibility Service,yes,847,collect_ms,,node_collection_ms,screen_candidates,14,node_count,8,candidate extraction total; submetrics include node collection, ROI planning, candidate extraction, post processing,/private/tmp/chungmaru-android-pipeline-benchmark-20260602T174241/runs/20260602T174241-s12_collect_backend-5
20260602T174241-s12_collect_backend-5,s12_collect_backend,1+2,pipeline-01-02,02,analyze,Android Analysis API,yes,269,backend_api_ms,14,backend_e2e_ms,offensive,1,filtered,0,backend/API analysis and masking decision,/private/tmp/chungmaru-android-pipeline-benchmark-20260602T174241/runs/20260602T174241-s12_collect_backend-5
20260602T174241-s12_collect_backend-5,s12_collect_backend,1+2,pipeline-01-02,03,ocr_roi,OCR ROI,no,,ocr_ms,,visual_roi_planning_ms,visual_roi_selected,,visual_ocr_selected,,stage disabled in this mode,/private/tmp/chungmaru-android-pipeline-benchmark-20260602T174241/runs/20260602T174241-s12_collect_backend-5
20260602T174241-s12_collect_backend-5,s12_collect_backend,1+2,pipeline-01-02,04,coordinate,char box / line estimate,no,,coord_ms,,candidate_parallel_wait_ms,char_range_candidates,,overlay_candidates,,stage disabled in this mode,/private/tmp/chungmaru-android-pipeline-benchmark-20260602T174241/runs/20260602T174241-s12_collect_backend-5
20260602T174241-s12_collect_backend-5,s12_collect_backend,1+2,pipeline-01-02,05,display,overlay gate,no,,display_ms,,candidate_post_processing_ms,overlay_rendered,,visual_ocr_raw,,stage disabled in this mode,/private/tmp/chungmaru-android-pipeline-benchmark-20260602T174241/runs/20260602T174241-s12_collect_backend-5
20260602T174241-s12_collect_backend-6,s12_collect_backend,1+2,pipeline-01-02,01,collect,Accessibility Service,yes,456,collect_ms,,node_collection_ms,screen_candidates,14,node_count,8,candidate extraction total; submetrics include node collection, ROI planning, candidate extraction, post processing,/private/tmp/chungmaru-android-pipeline-benchmark-20260602T174241/runs/20260602T174241-s12_collect_backend-6
20260602T174241-s12_collect_backend-6,s12_collect_backend,1+2,pipeline-01-02,02,analyze,Android Analysis API,yes,214,backend_api_ms,12,backend_e2e_ms,offensive,1,filtered,0,backend/API analysis and masking decision,/private/tmp/chungmaru-android-pipeline-benchmark-20260602T174241/runs/20260602T174241-s12_collect_backend-6
20260602T174241-s12_collect_backend-6,s12_collect_backend,1+2,pipeline-01-02,03,ocr_roi,OCR ROI,no,,ocr_ms,,visual_roi_planning_ms,visual_roi_selected,,visual_ocr_selected,,stage disabled in this mode,/private/tmp/chungmaru-android-pipeline-benchmark-20260602T174241/runs/20260602T174241-s12_collect_backend-6
20260602T174241-s12_collect_backend-6,s12_collect_backend,1+2,pipeline-01-02,04,coordinate,char box / line estimate,no,,coord_ms,,candidate_parallel_wait_ms,char_range_candidates,,overlay_candidates,,stage disabled in this mode,/private/tmp/chungmaru-android-pipeline-benchmark-20260602T174241/runs/20260602T174241-s12_collect_backend-6
20260602T174241-s12_collect_backend-6,s12_collect_backend,1+2,pipeline-01-02,05,display,overlay gate,no,,display_ms,,candidate_post_processing_ms,overlay_rendered,,visual_ocr_raw,,stage disabled in this mode,/private/tmp/chungmaru-android-pipeline-benchmark-20260602T174241/runs/20260602T174241-s12_collect_backend-6
20260602T174241-s12_collect_backend-7,s12_collect_backend,1+2,pipeline-01-02,01,collect,Accessibility Service,yes,511,collect_ms,,node_collection_ms,screen_candidates,14,node_count,8,candidate extraction total; submetrics include node collection, ROI planning, candidate extraction, post processing,/private/tmp/chungmaru-android-pipeline-benchmark-20260602T174241/runs/20260602T174241-s12_collect_backend-7
20260602T174241-s12_collect_backend-7,s12_collect_backend,1+2,pipeline-01-02,02,analyze,Android Analysis API,yes,189,backend_api_ms,23,backend_e2e_ms,offensive,1,filtered,0,backend/API analysis and masking decision,/private/tmp/chungmaru-android-pipeline-benchmark-20260602T174241/runs/20260602T174241-s12_collect_backend-7
20260602T174241-s12_collect_backend-7,s12_collect_backend,1+2,pipeline-01-02,03,ocr_roi,OCR ROI,no,,ocr_ms,,visual_roi_planning_ms,visual_roi_selected,,visual_ocr_selected,,stage disabled in this mode,/private/tmp/chungmaru-android-pipeline-benchmark-20260602T174241/runs/20260602T174241-s12_collect_backend-7
20260602T174241-s12_collect_backend-7,s12_collect_backend,1+2,pipeline-01-02,04,coordinate,char box / line estimate,no,,coord_ms,,candidate_parallel_wait_ms,char_range_candidates,,overlay_candidates,,stage disabled in this mode,/private/tmp/chungmaru-android-pipeline-benchmark-20260602T174241/runs/20260602T174241-s12_collect_backend-7
20260602T174241-s12_collect_backend-7,s12_collect_backend,1+2,pipeline-01-02,05,display,overlay gate,no,,display_ms,,candidate_post_processing_ms,overlay_rendered,,visual_ocr_raw,,stage disabled in this mode,/private/tmp/chungmaru-android-pipeline-benchmark-20260602T174241/runs/20260602T174241-s12_collect_backend-7
20260602T174241-s12_collect_backend-8,s12_collect_backend,1+2,pipeline-01-02,01,collect,Accessibility Service,yes,454,collect_ms,,node_collection_ms,screen_candidates,14,node_count,8,candidate extraction total; submetrics include node collection, ROI planning, candidate extraction, post processing,/private/tmp/chungmaru-android-pipeline-benchmark-20260602T174241/runs/20260602T174241-s12_collect_backend-8
20260602T174241-s12_collect_backend-8,s12_collect_backend,1+2,pipeline-01-02,02,analyze,Android Analysis API,yes,189,backend_api_ms,13,backend_e2e_ms,offensive,1,filtered,0,backend/API analysis and masking decision,/private/tmp/chungmaru-android-pipeline-benchmark-20260602T174241/runs/20260602T174241-s12_collect_backend-8
20260602T174241-s12_collect_backend-8,s12_collect_backend,1+2,pipeline-01-02,03,ocr_roi,OCR ROI,no,,ocr_ms,,visual_roi_planning_ms,visual_roi_selected,,visual_ocr_selected,,stage disabled in this mode,/private/tmp/chungmaru-android-pipeline-benchmark-20260602T174241/runs/20260602T174241-s12_collect_backend-8
20260602T174241-s12_collect_backend-8,s12_collect_backend,1+2,pipeline-01-02,04,coordinate,char box / line estimate,no,,coord_ms,,candidate_parallel_wait_ms,char_range_candidates,,overlay_candidates,,stage disabled in this mode,/private/tmp/chungmaru-android-pipeline-benchmark-20260602T174241/runs/20260602T174241-s12_collect_backend-8
20260602T174241-s12_collect_backend-8,s12_collect_backend,1+2,pipeline-01-02,05,display,overlay gate,no,,display_ms,,candidate_post_processing_ms,overlay_rendered,,visual_ocr_raw,,stage disabled in this mode,/private/tmp/chungmaru-android-pipeline-benchmark-20260602T174241/runs/20260602T174241-s12_collect_backend-8
20260602T174241-s12_collect_backend-9,s12_collect_backend,1+2,pipeline-01-02,01,collect,Accessibility Service,yes,376,collect_ms,,node_collection_ms,screen_candidates,14,node_count,8,candidate extraction total; submetrics include node collection, ROI planning, candidate extraction, post processing,/private/tmp/chungmaru-android-pipeline-benchmark-20260602T174241/runs/20260602T174241-s12_collect_backend-9
20260602T174241-s12_collect_backend-9,s12_collect_backend,1+2,pipeline-01-02,02,analyze,Android Analysis API,yes,192,backend_api_ms,14,backend_e2e_ms,offensive,1,filtered,0,backend/API analysis and masking decision,/private/tmp/chungmaru-android-pipeline-benchmark-20260602T174241/runs/20260602T174241-s12_collect_backend-9
20260602T174241-s12_collect_backend-9,s12_collect_backend,1+2,pipeline-01-02,03,ocr_roi,OCR ROI,no,,ocr_ms,,visual_roi_planning_ms,visual_roi_selected,,visual_ocr_selected,,stage disabled in this mode,/private/tmp/chungmaru-android-pipeline-benchmark-20260602T174241/runs/20260602T174241-s12_collect_backend-9
20260602T174241-s12_collect_backend-9,s12_collect_backend,1+2,pipeline-01-02,04,coordinate,char box / line estimate,no,,coord_ms,,candidate_parallel_wait_ms,char_range_candidates,,overlay_candidates,,stage disabled in this mode,/private/tmp/chungmaru-android-pipeline-benchmark-20260602T174241/runs/20260602T174241-s12_collect_backend-9
20260602T174241-s12_collect_backend-9,s12_collect_backend,1+2,pipeline-01-02,05,display,overlay gate,no,,display_ms,,candidate_post_processing_ms,overlay_rendered,,visual_ocr_raw,,stage disabled in this mode,/private/tmp/chungmaru-android-pipeline-benchmark-20260602T174241/runs/20260602T174241-s12_collect_backend-9
20260602T174241-s12_collect_backend-10,s12_collect_backend,1+2,pipeline-01-02,01,collect,Accessibility Service,yes,512,collect_ms,,node_collection_ms,screen_candidates,14,node_count,8,candidate extraction total; submetrics include node collection, ROI planning, candidate extraction, post processing,/private/tmp/chungmaru-android-pipeline-benchmark-20260602T174241/runs/20260602T174241-s12_collect_backend-10
20260602T174241-s12_collect_backend-10,s12_collect_backend,1+2,pipeline-01-02,02,analyze,Android Analysis API,yes,258,backend_api_ms,32,backend_e2e_ms,offensive,1,filtered,0,backend/API analysis and masking decision,/private/tmp/chungmaru-android-pipeline-benchmark-20260602T174241/runs/20260602T174241-s12_collect_backend-10
20260602T174241-s12_collect_backend-10,s12_collect_backend,1+2,pipeline-01-02,03,ocr_roi,OCR ROI,no,,ocr_ms,,visual_roi_planning_ms,visual_roi_selected,,visual_ocr_selected,,stage disabled in this mode,/private/tmp/chungmaru-android-pipeline-benchmark-20260602T174241/runs/20260602T174241-s12_collect_backend-10
20260602T174241-s12_collect_backend-10,s12_collect_backend,1+2,pipeline-01-02,04,coordinate,char box / line estimate,no,,coord_ms,,candidate_parallel_wait_ms,char_range_candidates,,overlay_candidates,,stage disabled in this mode,/private/tmp/chungmaru-android-pipeline-benchmark-20260602T174241/runs/20260602T174241-s12_collect_backend-10
20260602T174241-s12_collect_backend-10,s12_collect_backend,1+2,pipeline-01-02,05,display,overlay gate,no,,display_ms,,candidate_post_processing_ms,overlay_rendered,,visual_ocr_raw,,stage disabled in this mode,/private/tmp/chungmaru-android-pipeline-benchmark-20260602T174241/runs/20260602T174241-s12_collect_backend-10
20260602T174241-s123_collect_backend_ocr-1,s123_collect_backend_ocr,1+2+3,pipeline-01-02-03,01,collect,Accessibility Service,yes,603,collect_ms,,node_collection_ms,screen_candidates,14,node_count,8,candidate extraction total; submetrics include node collection, ROI planning, candidate extraction, post processing,/private/tmp/chungmaru-android-pipeline-benchmark-20260602T174241/runs/20260602T174241-s123_collect_backend_ocr-1
20260602T174241-s123_collect_backend_ocr-1,s123_collect_backend_ocr,1+2+3,pipeline-01-02-03,02,analyze,Android Analysis API,yes,226,backend_api_ms,264,backend_e2e_ms,offensive,1,filtered,1,backend/API analysis and masking decision,/private/tmp/chungmaru-android-pipeline-benchmark-20260602T174241/runs/20260602T174241-s123_collect_backend_ocr-1
20260602T174241-s123_collect_backend_ocr-1,s123_collect_backend_ocr,1+2+3,pipeline-01-02-03,03,ocr_roi,OCR ROI,yes,270,ocr_ms,,visual_roi_planning_ms,visual_roi_selected,2,visual_ocr_selected,1,ROI-limited OCR supplement,/private/tmp/chungmaru-android-pipeline-benchmark-20260602T174241/runs/20260602T174241-s123_collect_backend_ocr-1
20260602T174241-s123_collect_backend_ocr-1,s123_collect_backend_ocr,1+2+3,pipeline-01-02-03,04,coordinate,char box / line estimate,no,,coord_ms,,candidate_parallel_wait_ms,char_range_candidates,,overlay_candidates,,stage disabled in this mode,/private/tmp/chungmaru-android-pipeline-benchmark-20260602T174241/runs/20260602T174241-s123_collect_backend_ocr-1
20260602T174241-s123_collect_backend_ocr-1,s123_collect_backend_ocr,1+2+3,pipeline-01-02-03,05,display,overlay gate,no,,display_ms,,candidate_post_processing_ms,overlay_rendered,,visual_ocr_raw,,stage disabled in this mode,/private/tmp/chungmaru-android-pipeline-benchmark-20260602T174241/runs/20260602T174241-s123_collect_backend_ocr-1
20260602T174241-s123_collect_backend_ocr-2,s123_collect_backend_ocr,1+2+3,pipeline-01-02-03,01,collect,Accessibility Service,yes,675,collect_ms,,node_collection_ms,screen_candidates,14,node_count,0,candidate extraction total; submetrics include node collection, ROI planning, candidate extraction, post processing,/private/tmp/chungmaru-android-pipeline-benchmark-20260602T174241/runs/20260602T174241-s123_collect_backend_ocr-2
20260602T174241-s123_collect_backend_ocr-2,s123_collect_backend_ocr,1+2+3,pipeline-01-02-03,02,analyze,Android Analysis API,yes,417,backend_api_ms,,backend_e2e_ms,offensive,1,filtered,0,backend/API analysis and masking decision,/private/tmp/chungmaru-android-pipeline-benchmark-20260602T174241/runs/20260602T174241-s123_collect_backend_ocr-2
20260602T174241-s123_collect_backend_ocr-2,s123_collect_backend_ocr,1+2+3,pipeline-01-02-03,03,ocr_roi,OCR ROI,yes,538,ocr_ms,,visual_roi_planning_ms,visual_roi_selected,2,visual_ocr_selected,1,ROI-limited OCR supplement,/private/tmp/chungmaru-android-pipeline-benchmark-20260602T174241/runs/20260602T174241-s123_collect_backend_ocr-2
20260602T174241-s123_collect_backend_ocr-2,s123_collect_backend_ocr,1+2+3,pipeline-01-02-03,04,coordinate,char box / line estimate,no,,coord_ms,,candidate_parallel_wait_ms,char_range_candidates,,overlay_candidates,,stage disabled in this mode,/private/tmp/chungmaru-android-pipeline-benchmark-20260602T174241/runs/20260602T174241-s123_collect_backend_ocr-2
20260602T174241-s123_collect_backend_ocr-2,s123_collect_backend_ocr,1+2+3,pipeline-01-02-03,05,display,overlay gate,no,,display_ms,,candidate_post_processing_ms,overlay_rendered,,visual_ocr_raw,,stage disabled in this mode,/private/tmp/chungmaru-android-pipeline-benchmark-20260602T174241/runs/20260602T174241-s123_collect_backend_ocr-2
20260602T174241-s123_collect_backend_ocr-3,s123_collect_backend_ocr,1+2+3,pipeline-01-02-03,01,collect,Accessibility Service,yes,551,collect_ms,,node_collection_ms,screen_candidates,14,node_count,8,candidate extraction total; submetrics include node collection, ROI planning, candidate extraction, post processing,/private/tmp/chungmaru-android-pipeline-benchmark-20260602T174241/runs/20260602T174241-s123_collect_backend_ocr-3
20260602T174241-s123_collect_backend_ocr-3,s123_collect_backend_ocr,1+2+3,pipeline-01-02-03,02,analyze,Android Analysis API,yes,256,backend_api_ms,285,backend_e2e_ms,offensive,1,filtered,1,backend/API analysis and masking decision,/private/tmp/chungmaru-android-pipeline-benchmark-20260602T174241/runs/20260602T174241-s123_collect_backend_ocr-3
20260602T174241-s123_collect_backend_ocr-3,s123_collect_backend_ocr,1+2+3,pipeline-01-02-03,03,ocr_roi,OCR ROI,yes,257,ocr_ms,,visual_roi_planning_ms,visual_roi_selected,2,visual_ocr_selected,1,ROI-limited OCR supplement,/private/tmp/chungmaru-android-pipeline-benchmark-20260602T174241/runs/20260602T174241-s123_collect_backend_ocr-3
20260602T174241-s123_collect_backend_ocr-3,s123_collect_backend_ocr,1+2+3,pipeline-01-02-03,04,coordinate,char box / line estimate,no,,coord_ms,,candidate_parallel_wait_ms,char_range_candidates,,overlay_candidates,,stage disabled in this mode,/private/tmp/chungmaru-android-pipeline-benchmark-20260602T174241/runs/20260602T174241-s123_collect_backend_ocr-3
20260602T174241-s123_collect_backend_ocr-3,s123_collect_backend_ocr,1+2+3,pipeline-01-02-03,05,display,overlay gate,no,,display_ms,,candidate_post_processing_ms,overlay_rendered,,visual_ocr_raw,,stage disabled in this mode,/private/tmp/chungmaru-android-pipeline-benchmark-20260602T174241/runs/20260602T174241-s123_collect_backend_ocr-3
20260602T174241-s123_collect_backend_ocr-4,s123_collect_backend_ocr,1+2+3,pipeline-01-02-03,01,collect,Accessibility Service,yes,565,collect_ms,,node_collection_ms,screen_candidates,14,node_count,0,candidate extraction total; submetrics include node collection, ROI planning, candidate extraction, post processing,/private/tmp/chungmaru-android-pipeline-benchmark-20260602T174241/runs/20260602T174241-s123_collect_backend_ocr-4
20260602T174241-s123_collect_backend_ocr-4,s123_collect_backend_ocr,1+2+3,pipeline-01-02-03,02,analyze,Android Analysis API,yes,183,backend_api_ms,,backend_e2e_ms,offensive,1,filtered,0,backend/API analysis and masking decision,/private/tmp/chungmaru-android-pipeline-benchmark-20260602T174241/runs/20260602T174241-s123_collect_backend_ocr-4
20260602T174241-s123_collect_backend_ocr-4,s123_collect_backend_ocr,1+2+3,pipeline-01-02-03,03,ocr_roi,OCR ROI,yes,196,ocr_ms,,visual_roi_planning_ms,visual_roi_selected,2,visual_ocr_selected,1,ROI-limited OCR supplement,/private/tmp/chungmaru-android-pipeline-benchmark-20260602T174241/runs/20260602T174241-s123_collect_backend_ocr-4
20260602T174241-s123_collect_backend_ocr-4,s123_collect_backend_ocr,1+2+3,pipeline-01-02-03,04,coordinate,char box / line estimate,no,,coord_ms,,candidate_parallel_wait_ms,char_range_candidates,,overlay_candidates,,stage disabled in this mode,/private/tmp/chungmaru-android-pipeline-benchmark-20260602T174241/runs/20260602T174241-s123_collect_backend_ocr-4
20260602T174241-s123_collect_backend_ocr-4,s123_collect_backend_ocr,1+2+3,pipeline-01-02-03,05,display,overlay gate,no,,display_ms,,candidate_post_processing_ms,overlay_rendered,,visual_ocr_raw,,stage disabled in this mode,/private/tmp/chungmaru-android-pipeline-benchmark-20260602T174241/runs/20260602T174241-s123_collect_backend_ocr-4
20260602T174241-s123_collect_backend_ocr-5,s123_collect_backend_ocr,1+2+3,pipeline-01-02-03,01,collect,Accessibility Service,yes,444,collect_ms,,node_collection_ms,screen_candidates,14,node_count,14,candidate extraction total; submetrics include node collection, ROI planning, candidate extraction, post processing,/private/tmp/chungmaru-android-pipeline-benchmark-20260602T174241/runs/20260602T174241-s123_collect_backend_ocr-5
20260602T174241-s123_collect_backend_ocr-5,s123_collect_backend_ocr,1+2+3,pipeline-01-02-03,02,analyze,Android Analysis API,yes,192,backend_api_ms,15,backend_e2e_ms,offensive,1,filtered,0,backend/API analysis and masking decision,/private/tmp/chungmaru-android-pipeline-benchmark-20260602T174241/runs/20260602T174241-s123_collect_backend_ocr-5
20260602T174241-s123_collect_backend_ocr-5,s123_collect_backend_ocr,1+2+3,pipeline-01-02-03,03,ocr_roi,OCR ROI,yes,283,ocr_ms,,visual_roi_planning_ms,visual_roi_selected,4,visual_ocr_selected,1,ROI-limited OCR supplement,/private/tmp/chungmaru-android-pipeline-benchmark-20260602T174241/runs/20260602T174241-s123_collect_backend_ocr-5
20260602T174241-s123_collect_backend_ocr-5,s123_collect_backend_ocr,1+2+3,pipeline-01-02-03,04,coordinate,char box / line estimate,no,,coord_ms,,candidate_parallel_wait_ms,char_range_candidates,,overlay_candidates,,stage disabled in this mode,/private/tmp/chungmaru-android-pipeline-benchmark-20260602T174241/runs/20260602T174241-s123_collect_backend_ocr-5
20260602T174241-s123_collect_backend_ocr-5,s123_collect_backend_ocr,1+2+3,pipeline-01-02-03,05,display,overlay gate,no,,display_ms,,candidate_post_processing_ms,overlay_rendered,,visual_ocr_raw,,stage disabled in this mode,/private/tmp/chungmaru-android-pipeline-benchmark-20260602T174241/runs/20260602T174241-s123_collect_backend_ocr-5
20260602T174241-s123_collect_backend_ocr-6,s123_collect_backend_ocr,1+2+3,pipeline-01-02-03,01,collect,Accessibility Service,yes,417,collect_ms,,node_collection_ms,screen_candidates,14,node_count,8,candidate extraction total; submetrics include node collection, ROI planning, candidate extraction, post processing,/private/tmp/chungmaru-android-pipeline-benchmark-20260602T174241/runs/20260602T174241-s123_collect_backend_ocr-6
20260602T174241-s123_collect_backend_ocr-6,s123_collect_backend_ocr,1+2+3,pipeline-01-02-03,02,analyze,Android Analysis API,yes,362,backend_api_ms,341,backend_e2e_ms,offensive,1,filtered,1,backend/API analysis and masking decision,/private/tmp/chungmaru-android-pipeline-benchmark-20260602T174241/runs/20260602T174241-s123_collect_backend_ocr-6
20260602T174241-s123_collect_backend_ocr-6,s123_collect_backend_ocr,1+2+3,pipeline-01-02-03,03,ocr_roi,OCR ROI,yes,318,ocr_ms,,visual_roi_planning_ms,visual_roi_selected,2,visual_ocr_selected,1,ROI-limited OCR supplement,/private/tmp/chungmaru-android-pipeline-benchmark-20260602T174241/runs/20260602T174241-s123_collect_backend_ocr-6
20260602T174241-s123_collect_backend_ocr-6,s123_collect_backend_ocr,1+2+3,pipeline-01-02-03,04,coordinate,char box / line estimate,no,,coord_ms,,candidate_parallel_wait_ms,char_range_candidates,,overlay_candidates,,stage disabled in this mode,/private/tmp/chungmaru-android-pipeline-benchmark-20260602T174241/runs/20260602T174241-s123_collect_backend_ocr-6
20260602T174241-s123_collect_backend_ocr-6,s123_collect_backend_ocr,1+2+3,pipeline-01-02-03,05,display,overlay gate,no,,display_ms,,candidate_post_processing_ms,overlay_rendered,,visual_ocr_raw,,stage disabled in this mode,/private/tmp/chungmaru-android-pipeline-benchmark-20260602T174241/runs/20260602T174241-s123_collect_backend_ocr-6
20260602T174241-s123_collect_backend_ocr-7,s123_collect_backend_ocr,1+2+3,pipeline-01-02-03,01,collect,Accessibility Service,yes,718,collect_ms,,node_collection_ms,screen_candidates,14,node_count,0,candidate extraction total; submetrics include node collection, ROI planning, candidate extraction, post processing,/private/tmp/chungmaru-android-pipeline-benchmark-20260602T174241/runs/20260602T174241-s123_collect_backend_ocr-7
20260602T174241-s123_collect_backend_ocr-7,s123_collect_backend_ocr,1+2+3,pipeline-01-02-03,02,analyze,Android Analysis API,yes,186,backend_api_ms,,backend_e2e_ms,offensive,1,filtered,0,backend/API analysis and masking decision,/private/tmp/chungmaru-android-pipeline-benchmark-20260602T174241/runs/20260602T174241-s123_collect_backend_ocr-7
20260602T174241-s123_collect_backend_ocr-7,s123_collect_backend_ocr,1+2+3,pipeline-01-02-03,03,ocr_roi,OCR ROI,yes,210,ocr_ms,,visual_roi_planning_ms,visual_roi_selected,2,visual_ocr_selected,1,ROI-limited OCR supplement,/private/tmp/chungmaru-android-pipeline-benchmark-20260602T174241/runs/20260602T174241-s123_collect_backend_ocr-7
20260602T174241-s123_collect_backend_ocr-7,s123_collect_backend_ocr,1+2+3,pipeline-01-02-03,04,coordinate,char box / line estimate,no,,coord_ms,,candidate_parallel_wait_ms,char_range_candidates,,overlay_candidates,,stage disabled in this mode,/private/tmp/chungmaru-android-pipeline-benchmark-20260602T174241/runs/20260602T174241-s123_collect_backend_ocr-7
20260602T174241-s123_collect_backend_ocr-7,s123_collect_backend_ocr,1+2+3,pipeline-01-02-03,05,display,overlay gate,no,,display_ms,,candidate_post_processing_ms,overlay_rendered,,visual_ocr_raw,,stage disabled in this mode,/private/tmp/chungmaru-android-pipeline-benchmark-20260602T174241/runs/20260602T174241-s123_collect_backend_ocr-7
20260602T174241-s123_collect_backend_ocr-8,s123_collect_backend_ocr,1+2+3,pipeline-01-02-03,01,collect,Accessibility Service,yes,414,collect_ms,,node_collection_ms,screen_candidates,14,node_count,0,candidate extraction total; submetrics include node collection, ROI planning, candidate extraction, post processing,/private/tmp/chungmaru-android-pipeline-benchmark-20260602T174241/runs/20260602T174241-s123_collect_backend_ocr-8
20260602T174241-s123_collect_backend_ocr-8,s123_collect_backend_ocr,1+2+3,pipeline-01-02-03,02,analyze,Android Analysis API,yes,235,backend_api_ms,,backend_e2e_ms,offensive,1,filtered,0,backend/API analysis and masking decision,/private/tmp/chungmaru-android-pipeline-benchmark-20260602T174241/runs/20260602T174241-s123_collect_backend_ocr-8
20260602T174241-s123_collect_backend_ocr-8,s123_collect_backend_ocr,1+2+3,pipeline-01-02-03,03,ocr_roi,OCR ROI,yes,356,ocr_ms,,visual_roi_planning_ms,visual_roi_selected,2,visual_ocr_selected,0,ROI-limited OCR supplement,/private/tmp/chungmaru-android-pipeline-benchmark-20260602T174241/runs/20260602T174241-s123_collect_backend_ocr-8
20260602T174241-s123_collect_backend_ocr-8,s123_collect_backend_ocr,1+2+3,pipeline-01-02-03,04,coordinate,char box / line estimate,no,,coord_ms,,candidate_parallel_wait_ms,char_range_candidates,,overlay_candidates,,stage disabled in this mode,/private/tmp/chungmaru-android-pipeline-benchmark-20260602T174241/runs/20260602T174241-s123_collect_backend_ocr-8
20260602T174241-s123_collect_backend_ocr-8,s123_collect_backend_ocr,1+2+3,pipeline-01-02-03,05,display,overlay gate,no,,display_ms,,candidate_post_processing_ms,overlay_rendered,,visual_ocr_raw,,stage disabled in this mode,/private/tmp/chungmaru-android-pipeline-benchmark-20260602T174241/runs/20260602T174241-s123_collect_backend_ocr-8
20260602T174241-s123_collect_backend_ocr-9,s123_collect_backend_ocr,1+2+3,pipeline-01-02-03,01,collect,Accessibility Service,yes,806,collect_ms,,node_collection_ms,screen_candidates,14,node_count,8,candidate extraction total; submetrics include node collection, ROI planning, candidate extraction, post processing,/private/tmp/chungmaru-android-pipeline-benchmark-20260602T174241/runs/20260602T174241-s123_collect_backend_ocr-9
20260602T174241-s123_collect_backend_ocr-9,s123_collect_backend_ocr,1+2+3,pipeline-01-02-03,02,analyze,Android Analysis API,yes,215,backend_api_ms,241,backend_e2e_ms,offensive,1,filtered,1,backend/API analysis and masking decision,/private/tmp/chungmaru-android-pipeline-benchmark-20260602T174241/runs/20260602T174241-s123_collect_backend_ocr-9
20260602T174241-s123_collect_backend_ocr-9,s123_collect_backend_ocr,1+2+3,pipeline-01-02-03,03,ocr_roi,OCR ROI,yes,213,ocr_ms,,visual_roi_planning_ms,visual_roi_selected,2,visual_ocr_selected,1,ROI-limited OCR supplement,/private/tmp/chungmaru-android-pipeline-benchmark-20260602T174241/runs/20260602T174241-s123_collect_backend_ocr-9
20260602T174241-s123_collect_backend_ocr-9,s123_collect_backend_ocr,1+2+3,pipeline-01-02-03,04,coordinate,char box / line estimate,no,,coord_ms,,candidate_parallel_wait_ms,char_range_candidates,,overlay_candidates,,stage disabled in this mode,/private/tmp/chungmaru-android-pipeline-benchmark-20260602T174241/runs/20260602T174241-s123_collect_backend_ocr-9
20260602T174241-s123_collect_backend_ocr-9,s123_collect_backend_ocr,1+2+3,pipeline-01-02-03,05,display,overlay gate,no,,display_ms,,candidate_post_processing_ms,overlay_rendered,,visual_ocr_raw,,stage disabled in this mode,/private/tmp/chungmaru-android-pipeline-benchmark-20260602T174241/runs/20260602T174241-s123_collect_backend_ocr-9
20260602T174241-s123_collect_backend_ocr-10,s123_collect_backend_ocr,1+2+3,pipeline-01-02-03,01,collect,Accessibility Service,yes,827,collect_ms,,node_collection_ms,screen_candidates,14,node_count,8,candidate extraction total; submetrics include node collection, ROI planning, candidate extraction, post processing,/private/tmp/chungmaru-android-pipeline-benchmark-20260602T174241/runs/20260602T174241-s123_collect_backend_ocr-10
20260602T174241-s123_collect_backend_ocr-10,s123_collect_backend_ocr,1+2+3,pipeline-01-02-03,02,analyze,Android Analysis API,yes,253,backend_api_ms,136,backend_e2e_ms,offensive,1,filtered,1,backend/API analysis and masking decision,/private/tmp/chungmaru-android-pipeline-benchmark-20260602T174241/runs/20260602T174241-s123_collect_backend_ocr-10
20260602T174241-s123_collect_backend_ocr-10,s123_collect_backend_ocr,1+2+3,pipeline-01-02-03,03,ocr_roi,OCR ROI,yes,157,ocr_ms,,visual_roi_planning_ms,visual_roi_selected,2,visual_ocr_selected,1,ROI-limited OCR supplement,/private/tmp/chungmaru-android-pipeline-benchmark-20260602T174241/runs/20260602T174241-s123_collect_backend_ocr-10
20260602T174241-s123_collect_backend_ocr-10,s123_collect_backend_ocr,1+2+3,pipeline-01-02-03,04,coordinate,char box / line estimate,no,,coord_ms,,candidate_parallel_wait_ms,char_range_candidates,,overlay_candidates,,stage disabled in this mode,/private/tmp/chungmaru-android-pipeline-benchmark-20260602T174241/runs/20260602T174241-s123_collect_backend_ocr-10
20260602T174241-s123_collect_backend_ocr-10,s123_collect_backend_ocr,1+2+3,pipeline-01-02-03,05,display,overlay gate,no,,display_ms,,candidate_post_processing_ms,overlay_rendered,,visual_ocr_raw,,stage disabled in this mode,/private/tmp/chungmaru-android-pipeline-benchmark-20260602T174241/runs/20260602T174241-s123_collect_backend_ocr-10
20260602T174241-s1234_collect_backend_ocr_coord-1,s1234_collect_backend_ocr_coord,1+2+3+4,pipeline-01-02-03-04,01,collect,Accessibility Service,yes,499,collect_ms,,node_collection_ms,screen_candidates,17,node_count,8,candidate extraction total; submetrics include node collection, ROI planning, candidate extraction, post processing,/private/tmp/chungmaru-android-pipeline-benchmark-20260602T174241/runs/20260602T174241-s1234_collect_backend_ocr_coord-1
20260602T174241-s1234_collect_backend_ocr_coord-1,s1234_collect_backend_ocr_coord,1+2+3+4,pipeline-01-02-03-04,02,analyze,Android Analysis API,yes,290,backend_api_ms,207,backend_e2e_ms,offensive,2,filtered,1,backend/API analysis and masking decision,/private/tmp/chungmaru-android-pipeline-benchmark-20260602T174241/runs/20260602T174241-s1234_collect_backend_ocr_coord-1
20260602T174241-s1234_collect_backend_ocr_coord-1,s1234_collect_backend_ocr_coord,1+2+3+4,pipeline-01-02-03-04,03,ocr_roi,OCR ROI,yes,192,ocr_ms,,visual_roi_planning_ms,visual_roi_selected,2,visual_ocr_selected,1,ROI-limited OCR supplement,/private/tmp/chungmaru-android-pipeline-benchmark-20260602T174241/runs/20260602T174241-s1234_collect_backend_ocr_coord-1
20260602T174241-s1234_collect_backend_ocr_coord-1,s1234_collect_backend_ocr_coord,1+2+3+4,pipeline-01-02-03-04,04,coordinate,char box / line estimate,yes,21,coord_ms,21,candidate_parallel_wait_ms,char_range_candidates,3,overlay_candidates,0,coordinate recovery and renderable mask planning,/private/tmp/chungmaru-android-pipeline-benchmark-20260602T174241/runs/20260602T174241-s1234_collect_backend_ocr_coord-1
20260602T174241-s1234_collect_backend_ocr_coord-1,s1234_collect_backend_ocr_coord,1+2+3+4,pipeline-01-02-03-04,05,display,overlay gate,no,,display_ms,,candidate_post_processing_ms,overlay_rendered,,visual_ocr_raw,,stage disabled in this mode,/private/tmp/chungmaru-android-pipeline-benchmark-20260602T174241/runs/20260602T174241-s1234_collect_backend_ocr_coord-1
20260602T174241-s1234_collect_backend_ocr_coord-2,s1234_collect_backend_ocr_coord,1+2+3+4,pipeline-01-02-03-04,01,collect,Accessibility Service,yes,455,collect_ms,,node_collection_ms,screen_candidates,17,node_count,8,candidate extraction total; submetrics include node collection, ROI planning, candidate extraction, post processing,/private/tmp/chungmaru-android-pipeline-benchmark-20260602T174241/runs/20260602T174241-s1234_collect_backend_ocr_coord-2
20260602T174241-s1234_collect_backend_ocr_coord-2,s1234_collect_backend_ocr_coord,1+2+3+4,pipeline-01-02-03-04,02,analyze,Android Analysis API,yes,248,backend_api_ms,165,backend_e2e_ms,offensive,2,filtered,1,backend/API analysis and masking decision,/private/tmp/chungmaru-android-pipeline-benchmark-20260602T174241/runs/20260602T174241-s1234_collect_backend_ocr_coord-2
20260602T174241-s1234_collect_backend_ocr_coord-2,s1234_collect_backend_ocr_coord,1+2+3+4,pipeline-01-02-03-04,03,ocr_roi,OCR ROI,yes,148,ocr_ms,,visual_roi_planning_ms,visual_roi_selected,2,visual_ocr_selected,1,ROI-limited OCR supplement,/private/tmp/chungmaru-android-pipeline-benchmark-20260602T174241/runs/20260602T174241-s1234_collect_backend_ocr_coord-2
20260602T174241-s1234_collect_backend_ocr_coord-2,s1234_collect_backend_ocr_coord,1+2+3+4,pipeline-01-02-03-04,04,coordinate,char box / line estimate,yes,15,coord_ms,15,candidate_parallel_wait_ms,char_range_candidates,3,overlay_candidates,0,coordinate recovery and renderable mask planning,/private/tmp/chungmaru-android-pipeline-benchmark-20260602T174241/runs/20260602T174241-s1234_collect_backend_ocr_coord-2
20260602T174241-s1234_collect_backend_ocr_coord-2,s1234_collect_backend_ocr_coord,1+2+3+4,pipeline-01-02-03-04,05,display,overlay gate,no,,display_ms,,candidate_post_processing_ms,overlay_rendered,,visual_ocr_raw,,stage disabled in this mode,/private/tmp/chungmaru-android-pipeline-benchmark-20260602T174241/runs/20260602T174241-s1234_collect_backend_ocr_coord-2
20260602T174241-s1234_collect_backend_ocr_coord-3,s1234_collect_backend_ocr_coord,1+2+3+4,pipeline-01-02-03-04,01,collect,Accessibility Service,yes,563,collect_ms,,node_collection_ms,screen_candidates,17,node_count,0,candidate extraction total; submetrics include node collection, ROI planning, candidate extraction, post processing,/private/tmp/chungmaru-android-pipeline-benchmark-20260602T174241/runs/20260602T174241-s1234_collect_backend_ocr_coord-3
20260602T174241-s1234_collect_backend_ocr_coord-3,s1234_collect_backend_ocr_coord,1+2+3+4,pipeline-01-02-03-04,02,analyze,Android Analysis API,yes,244,backend_api_ms,,backend_e2e_ms,offensive,2,filtered,0,backend/API analysis and masking decision,/private/tmp/chungmaru-android-pipeline-benchmark-20260602T174241/runs/20260602T174241-s1234_collect_backend_ocr_coord-3
20260602T174241-s1234_collect_backend_ocr_coord-3,s1234_collect_backend_ocr_coord,1+2+3+4,pipeline-01-02-03-04,03,ocr_roi,OCR ROI,yes,213,ocr_ms,,visual_roi_planning_ms,visual_roi_selected,1,visual_ocr_selected,1,ROI-limited OCR supplement,/private/tmp/chungmaru-android-pipeline-benchmark-20260602T174241/runs/20260602T174241-s1234_collect_backend_ocr_coord-3
20260602T174241-s1234_collect_backend_ocr_coord-3,s1234_collect_backend_ocr_coord,1+2+3+4,pipeline-01-02-03-04,04,coordinate,char box / line estimate,yes,22,coord_ms,22,candidate_parallel_wait_ms,char_range_candidates,3,overlay_candidates,0,coordinate recovery and renderable mask planning,/private/tmp/chungmaru-android-pipeline-benchmark-20260602T174241/runs/20260602T174241-s1234_collect_backend_ocr_coord-3
20260602T174241-s1234_collect_backend_ocr_coord-3,s1234_collect_backend_ocr_coord,1+2+3+4,pipeline-01-02-03-04,05,display,overlay gate,no,,display_ms,,candidate_post_processing_ms,overlay_rendered,,visual_ocr_raw,,stage disabled in this mode,/private/tmp/chungmaru-android-pipeline-benchmark-20260602T174241/runs/20260602T174241-s1234_collect_backend_ocr_coord-3
20260602T174241-s1234_collect_backend_ocr_coord-4,s1234_collect_backend_ocr_coord,1+2+3+4,pipeline-01-02-03-04,01,collect,Accessibility Service,yes,573,collect_ms,,node_collection_ms,screen_candidates,17,node_count,8,candidate extraction total; submetrics include node collection, ROI planning, candidate extraction, post processing,/private/tmp/chungmaru-android-pipeline-benchmark-20260602T174241/runs/20260602T174241-s1234_collect_backend_ocr_coord-4
20260602T174241-s1234_collect_backend_ocr_coord-4,s1234_collect_backend_ocr_coord,1+2+3+4,pipeline-01-02-03-04,02,analyze,Android Analysis API,yes,258,backend_api_ms,213,backend_e2e_ms,offensive,2,filtered,1,backend/API analysis and masking decision,/private/tmp/chungmaru-android-pipeline-benchmark-20260602T174241/runs/20260602T174241-s1234_collect_backend_ocr_coord-4
20260602T174241-s1234_collect_backend_ocr_coord-4,s1234_collect_backend_ocr_coord,1+2+3+4,pipeline-01-02-03-04,03,ocr_roi,OCR ROI,yes,211,ocr_ms,,visual_roi_planning_ms,visual_roi_selected,2,visual_ocr_selected,1,ROI-limited OCR supplement,/private/tmp/chungmaru-android-pipeline-benchmark-20260602T174241/runs/20260602T174241-s1234_collect_backend_ocr_coord-4
20260602T174241-s1234_collect_backend_ocr_coord-4,s1234_collect_backend_ocr_coord,1+2+3+4,pipeline-01-02-03-04,04,coordinate,char box / line estimate,yes,42,coord_ms,42,candidate_parallel_wait_ms,char_range_candidates,3,overlay_candidates,0,coordinate recovery and renderable mask planning,/private/tmp/chungmaru-android-pipeline-benchmark-20260602T174241/runs/20260602T174241-s1234_collect_backend_ocr_coord-4
20260602T174241-s1234_collect_backend_ocr_coord-4,s1234_collect_backend_ocr_coord,1+2+3+4,pipeline-01-02-03-04,05,display,overlay gate,no,,display_ms,,candidate_post_processing_ms,overlay_rendered,,visual_ocr_raw,,stage disabled in this mode,/private/tmp/chungmaru-android-pipeline-benchmark-20260602T174241/runs/20260602T174241-s1234_collect_backend_ocr_coord-4
20260602T174241-s1234_collect_backend_ocr_coord-5,s1234_collect_backend_ocr_coord,1+2+3+4,pipeline-01-02-03-04,01,collect,Accessibility Service,yes,525,collect_ms,,node_collection_ms,screen_candidates,17,node_count,8,candidate extraction total; submetrics include node collection, ROI planning, candidate extraction, post processing,/private/tmp/chungmaru-android-pipeline-benchmark-20260602T174241/runs/20260602T174241-s1234_collect_backend_ocr_coord-5
20260602T174241-s1234_collect_backend_ocr_coord-5,s1234_collect_backend_ocr_coord,1+2+3+4,pipeline-01-02-03-04,02,analyze,Android Analysis API,yes,273,backend_api_ms,179,backend_e2e_ms,offensive,2,filtered,1,backend/API analysis and masking decision,/private/tmp/chungmaru-android-pipeline-benchmark-20260602T174241/runs/20260602T174241-s1234_collect_backend_ocr_coord-5
20260602T174241-s1234_collect_backend_ocr_coord-5,s1234_collect_backend_ocr_coord,1+2+3+4,pipeline-01-02-03-04,03,ocr_roi,OCR ROI,yes,142,ocr_ms,,visual_roi_planning_ms,visual_roi_selected,1,visual_ocr_selected,1,ROI-limited OCR supplement,/private/tmp/chungmaru-android-pipeline-benchmark-20260602T174241/runs/20260602T174241-s1234_collect_backend_ocr_coord-5
20260602T174241-s1234_collect_backend_ocr_coord-5,s1234_collect_backend_ocr_coord,1+2+3+4,pipeline-01-02-03-04,04,coordinate,char box / line estimate,yes,30,coord_ms,30,candidate_parallel_wait_ms,char_range_candidates,3,overlay_candidates,0,coordinate recovery and renderable mask planning,/private/tmp/chungmaru-android-pipeline-benchmark-20260602T174241/runs/20260602T174241-s1234_collect_backend_ocr_coord-5
20260602T174241-s1234_collect_backend_ocr_coord-5,s1234_collect_backend_ocr_coord,1+2+3+4,pipeline-01-02-03-04,05,display,overlay gate,no,,display_ms,,candidate_post_processing_ms,overlay_rendered,,visual_ocr_raw,,stage disabled in this mode,/private/tmp/chungmaru-android-pipeline-benchmark-20260602T174241/runs/20260602T174241-s1234_collect_backend_ocr_coord-5
20260602T174241-s1234_collect_backend_ocr_coord-6,s1234_collect_backend_ocr_coord,1+2+3+4,pipeline-01-02-03-04,01,collect,Accessibility Service,yes,687,collect_ms,,node_collection_ms,screen_candidates,17,node_count,8,candidate extraction total; submetrics include node collection, ROI planning, candidate extraction, post processing,/private/tmp/chungmaru-android-pipeline-benchmark-20260602T174241/runs/20260602T174241-s1234_collect_backend_ocr_coord-6
20260602T174241-s1234_collect_backend_ocr_coord-6,s1234_collect_backend_ocr_coord,1+2+3+4,pipeline-01-02-03-04,02,analyze,Android Analysis API,yes,268,backend_api_ms,226,backend_e2e_ms,offensive,2,filtered,1,backend/API analysis and masking decision,/private/tmp/chungmaru-android-pipeline-benchmark-20260602T174241/runs/20260602T174241-s1234_collect_backend_ocr_coord-6
20260602T174241-s1234_collect_backend_ocr_coord-6,s1234_collect_backend_ocr_coord,1+2+3+4,pipeline-01-02-03-04,03,ocr_roi,OCR ROI,yes,183,ocr_ms,,visual_roi_planning_ms,visual_roi_selected,2,visual_ocr_selected,1,ROI-limited OCR supplement,/private/tmp/chungmaru-android-pipeline-benchmark-20260602T174241/runs/20260602T174241-s1234_collect_backend_ocr_coord-6
20260602T174241-s1234_collect_backend_ocr_coord-6,s1234_collect_backend_ocr_coord,1+2+3+4,pipeline-01-02-03-04,04,coordinate,char box / line estimate,yes,53,coord_ms,53,candidate_parallel_wait_ms,char_range_candidates,3,overlay_candidates,0,coordinate recovery and renderable mask planning,/private/tmp/chungmaru-android-pipeline-benchmark-20260602T174241/runs/20260602T174241-s1234_collect_backend_ocr_coord-6
20260602T174241-s1234_collect_backend_ocr_coord-6,s1234_collect_backend_ocr_coord,1+2+3+4,pipeline-01-02-03-04,05,display,overlay gate,no,,display_ms,,candidate_post_processing_ms,overlay_rendered,,visual_ocr_raw,,stage disabled in this mode,/private/tmp/chungmaru-android-pipeline-benchmark-20260602T174241/runs/20260602T174241-s1234_collect_backend_ocr_coord-6
20260602T174241-s1234_collect_backend_ocr_coord-7,s1234_collect_backend_ocr_coord,1+2+3+4,pipeline-01-02-03-04,01,collect,Accessibility Service,yes,784,collect_ms,,node_collection_ms,screen_candidates,17,node_count,0,candidate extraction total; submetrics include node collection, ROI planning, candidate extraction, post processing,/private/tmp/chungmaru-android-pipeline-benchmark-20260602T174241/runs/20260602T174241-s1234_collect_backend_ocr_coord-7
20260602T174241-s1234_collect_backend_ocr_coord-7,s1234_collect_backend_ocr_coord,1+2+3+4,pipeline-01-02-03-04,02,analyze,Android Analysis API,yes,277,backend_api_ms,,backend_e2e_ms,offensive,2,filtered,0,backend/API analysis and masking decision,/private/tmp/chungmaru-android-pipeline-benchmark-20260602T174241/runs/20260602T174241-s1234_collect_backend_ocr_coord-7
20260602T174241-s1234_collect_backend_ocr_coord-7,s1234_collect_backend_ocr_coord,1+2+3+4,pipeline-01-02-03-04,03,ocr_roi,OCR ROI,yes,251,ocr_ms,,visual_roi_planning_ms,visual_roi_selected,1,visual_ocr_selected,0,ROI-limited OCR supplement,/private/tmp/chungmaru-android-pipeline-benchmark-20260602T174241/runs/20260602T174241-s1234_collect_backend_ocr_coord-7
20260602T174241-s1234_collect_backend_ocr_coord-7,s1234_collect_backend_ocr_coord,1+2+3+4,pipeline-01-02-03-04,04,coordinate,char box / line estimate,yes,21,coord_ms,21,candidate_parallel_wait_ms,char_range_candidates,3,overlay_candidates,0,coordinate recovery and renderable mask planning,/private/tmp/chungmaru-android-pipeline-benchmark-20260602T174241/runs/20260602T174241-s1234_collect_backend_ocr_coord-7
20260602T174241-s1234_collect_backend_ocr_coord-7,s1234_collect_backend_ocr_coord,1+2+3+4,pipeline-01-02-03-04,05,display,overlay gate,no,,display_ms,,candidate_post_processing_ms,overlay_rendered,,visual_ocr_raw,,stage disabled in this mode,/private/tmp/chungmaru-android-pipeline-benchmark-20260602T174241/runs/20260602T174241-s1234_collect_backend_ocr_coord-7
20260602T174241-s1234_collect_backend_ocr_coord-8,s1234_collect_backend_ocr_coord,1+2+3+4,pipeline-01-02-03-04,01,collect,Accessibility Service,yes,987,collect_ms,,node_collection_ms,screen_candidates,17,node_count,8,candidate extraction total; submetrics include node collection, ROI planning, candidate extraction, post processing,/private/tmp/chungmaru-android-pipeline-benchmark-20260602T174241/runs/20260602T174241-s1234_collect_backend_ocr_coord-8
20260602T174241-s1234_collect_backend_ocr_coord-8,s1234_collect_backend_ocr_coord,1+2+3+4,pipeline-01-02-03-04,02,analyze,Android Analysis API,yes,328,backend_api_ms,147,backend_e2e_ms,offensive,2,filtered,1,backend/API analysis and masking decision,/private/tmp/chungmaru-android-pipeline-benchmark-20260602T174241/runs/20260602T174241-s1234_collect_backend_ocr_coord-8
20260602T174241-s1234_collect_backend_ocr_coord-8,s1234_collect_backend_ocr_coord,1+2+3+4,pipeline-01-02-03-04,03,ocr_roi,OCR ROI,yes,121,ocr_ms,,visual_roi_planning_ms,visual_roi_selected,2,visual_ocr_selected,1,ROI-limited OCR supplement,/private/tmp/chungmaru-android-pipeline-benchmark-20260602T174241/runs/20260602T174241-s1234_collect_backend_ocr_coord-8
20260602T174241-s1234_collect_backend_ocr_coord-8,s1234_collect_backend_ocr_coord,1+2+3+4,pipeline-01-02-03-04,04,coordinate,char box / line estimate,yes,29,coord_ms,29,candidate_parallel_wait_ms,char_range_candidates,3,overlay_candidates,0,coordinate recovery and renderable mask planning,/private/tmp/chungmaru-android-pipeline-benchmark-20260602T174241/runs/20260602T174241-s1234_collect_backend_ocr_coord-8
20260602T174241-s1234_collect_backend_ocr_coord-8,s1234_collect_backend_ocr_coord,1+2+3+4,pipeline-01-02-03-04,05,display,overlay gate,no,,display_ms,,candidate_post_processing_ms,overlay_rendered,,visual_ocr_raw,,stage disabled in this mode,/private/tmp/chungmaru-android-pipeline-benchmark-20260602T174241/runs/20260602T174241-s1234_collect_backend_ocr_coord-8
20260602T174241-s1234_collect_backend_ocr_coord-9,s1234_collect_backend_ocr_coord,1+2+3+4,pipeline-01-02-03-04,01,collect,Accessibility Service,yes,1048,collect_ms,,node_collection_ms,screen_candidates,17,node_count,8,candidate extraction total; submetrics include node collection, ROI planning, candidate extraction, post processing,/private/tmp/chungmaru-android-pipeline-benchmark-20260602T174241/runs/20260602T174241-s1234_collect_backend_ocr_coord-9
20260602T174241-s1234_collect_backend_ocr_coord-9,s1234_collect_backend_ocr_coord,1+2+3+4,pipeline-01-02-03-04,02,analyze,Android Analysis API,yes,332,backend_api_ms,180,backend_e2e_ms,offensive,2,filtered,1,backend/API analysis and masking decision,/private/tmp/chungmaru-android-pipeline-benchmark-20260602T174241/runs/20260602T174241-s1234_collect_backend_ocr_coord-9
20260602T174241-s1234_collect_backend_ocr_coord-9,s1234_collect_backend_ocr_coord,1+2+3+4,pipeline-01-02-03-04,03,ocr_roi,OCR ROI,yes,177,ocr_ms,,visual_roi_planning_ms,visual_roi_selected,2,visual_ocr_selected,1,ROI-limited OCR supplement,/private/tmp/chungmaru-android-pipeline-benchmark-20260602T174241/runs/20260602T174241-s1234_collect_backend_ocr_coord-9
20260602T174241-s1234_collect_backend_ocr_coord-9,s1234_collect_backend_ocr_coord,1+2+3+4,pipeline-01-02-03-04,04,coordinate,char box / line estimate,yes,54,coord_ms,54,candidate_parallel_wait_ms,char_range_candidates,3,overlay_candidates,0,coordinate recovery and renderable mask planning,/private/tmp/chungmaru-android-pipeline-benchmark-20260602T174241/runs/20260602T174241-s1234_collect_backend_ocr_coord-9
20260602T174241-s1234_collect_backend_ocr_coord-9,s1234_collect_backend_ocr_coord,1+2+3+4,pipeline-01-02-03-04,05,display,overlay gate,no,,display_ms,,candidate_post_processing_ms,overlay_rendered,,visual_ocr_raw,,stage disabled in this mode,/private/tmp/chungmaru-android-pipeline-benchmark-20260602T174241/runs/20260602T174241-s1234_collect_backend_ocr_coord-9
20260602T174241-s1234_collect_backend_ocr_coord-10,s1234_collect_backend_ocr_coord,1+2+3+4,pipeline-01-02-03-04,01,collect,Accessibility Service,yes,686,collect_ms,,node_collection_ms,screen_candidates,17,node_count,8,candidate extraction total; submetrics include node collection, ROI planning, candidate extraction, post processing,/private/tmp/chungmaru-android-pipeline-benchmark-20260602T174241/runs/20260602T174241-s1234_collect_backend_ocr_coord-10
20260602T174241-s1234_collect_backend_ocr_coord-10,s1234_collect_backend_ocr_coord,1+2+3+4,pipeline-01-02-03-04,02,analyze,Android Analysis API,yes,257,backend_api_ms,162,backend_e2e_ms,offensive,2,filtered,1,backend/API analysis and masking decision,/private/tmp/chungmaru-android-pipeline-benchmark-20260602T174241/runs/20260602T174241-s1234_collect_backend_ocr_coord-10
20260602T174241-s1234_collect_backend_ocr_coord-10,s1234_collect_backend_ocr_coord,1+2+3+4,pipeline-01-02-03-04,03,ocr_roi,OCR ROI,yes,136,ocr_ms,,visual_roi_planning_ms,visual_roi_selected,2,visual_ocr_selected,1,ROI-limited OCR supplement,/private/tmp/chungmaru-android-pipeline-benchmark-20260602T174241/runs/20260602T174241-s1234_collect_backend_ocr_coord-10
20260602T174241-s1234_collect_backend_ocr_coord-10,s1234_collect_backend_ocr_coord,1+2+3+4,pipeline-01-02-03-04,04,coordinate,char box / line estimate,yes,72,coord_ms,72,candidate_parallel_wait_ms,char_range_candidates,3,overlay_candidates,0,coordinate recovery and renderable mask planning,/private/tmp/chungmaru-android-pipeline-benchmark-20260602T174241/runs/20260602T174241-s1234_collect_backend_ocr_coord-10
20260602T174241-s1234_collect_backend_ocr_coord-10,s1234_collect_backend_ocr_coord,1+2+3+4,pipeline-01-02-03-04,05,display,overlay gate,no,,display_ms,,candidate_post_processing_ms,overlay_rendered,,visual_ocr_raw,,stage disabled in this mode,/private/tmp/chungmaru-android-pipeline-benchmark-20260602T174241/runs/20260602T174241-s1234_collect_backend_ocr_coord-10
20260602T174241-s12345_full-1,s12345_full,1+2+3+4+5,pipeline-01-02-03-04-05,01,collect,Accessibility Service,yes,1039,collect_ms,,node_collection_ms,screen_candidates,17,node_count,8,candidate extraction total; submetrics include node collection, ROI planning, candidate extraction, post processing,/private/tmp/chungmaru-android-pipeline-benchmark-20260602T174241/runs/20260602T174241-s12345_full-1
20260602T174241-s12345_full-1,s12345_full,1+2+3+4+5,pipeline-01-02-03-04-05,02,analyze,Android Analysis API,yes,917,backend_api_ms,533,backend_e2e_ms,offensive,2,filtered,1,backend/API analysis and masking decision,/private/tmp/chungmaru-android-pipeline-benchmark-20260602T174241/runs/20260602T174241-s12345_full-1
20260602T174241-s12345_full-1,s12345_full,1+2+3+4+5,pipeline-01-02-03-04-05,03,ocr_roi,OCR ROI,yes,524,ocr_ms,,visual_roi_planning_ms,visual_roi_selected,2,visual_ocr_selected,1,ROI-limited OCR supplement,/private/tmp/chungmaru-android-pipeline-benchmark-20260602T174241/runs/20260602T174241-s12345_full-1
20260602T174241-s12345_full-1,s12345_full,1+2+3+4+5,pipeline-01-02-03-04-05,04,coordinate,char box / line estimate,yes,47,coord_ms,47,candidate_parallel_wait_ms,char_range_candidates,3,overlay_candidates,3,coordinate recovery and renderable mask planning,/private/tmp/chungmaru-android-pipeline-benchmark-20260602T174241/runs/20260602T174241-s12345_full-1
20260602T174241-s12345_full-1,s12345_full,1+2+3+4+5,pipeline-01-02-03-04-05,05,display,overlay gate,yes,523,display_ms,,candidate_post_processing_ms,overlay_rendered,3,visual_ocr_raw,1,overlay render/gate; blank latency means not instrumented in latest diagnostics,/private/tmp/chungmaru-android-pipeline-benchmark-20260602T174241/runs/20260602T174241-s12345_full-1
20260602T174241-s12345_full-2,s12345_full,1+2+3+4+5,pipeline-01-02-03-04-05,01,collect,Accessibility Service,yes,791,collect_ms,,node_collection_ms,screen_candidates,17,node_count,0,candidate extraction total; submetrics include node collection, ROI planning, candidate extraction, post processing,/private/tmp/chungmaru-android-pipeline-benchmark-20260602T174241/runs/20260602T174241-s12345_full-2
20260602T174241-s12345_full-2,s12345_full,1+2+3+4+5,pipeline-01-02-03-04-05,02,analyze,Android Analysis API,yes,322,backend_api_ms,,backend_e2e_ms,offensive,2,filtered,0,backend/API analysis and masking decision,/private/tmp/chungmaru-android-pipeline-benchmark-20260602T174241/runs/20260602T174241-s12345_full-2
20260602T174241-s12345_full-2,s12345_full,1+2+3+4+5,pipeline-01-02-03-04-05,03,ocr_roi,OCR ROI,yes,348,ocr_ms,,visual_roi_planning_ms,visual_roi_selected,2,visual_ocr_selected,1,ROI-limited OCR supplement,/private/tmp/chungmaru-android-pipeline-benchmark-20260602T174241/runs/20260602T174241-s12345_full-2
20260602T174241-s12345_full-2,s12345_full,1+2+3+4+5,pipeline-01-02-03-04-05,04,coordinate,char box / line estimate,yes,127,coord_ms,127,candidate_parallel_wait_ms,char_range_candidates,3,overlay_candidates,3,coordinate recovery and renderable mask planning,/private/tmp/chungmaru-android-pipeline-benchmark-20260602T174241/runs/20260602T174241-s12345_full-2
20260602T174241-s12345_full-2,s12345_full,1+2+3+4+5,pipeline-01-02-03-04-05,05,display,overlay gate,yes,26,display_ms,,candidate_post_processing_ms,overlay_rendered,3,visual_ocr_raw,1,overlay render/gate; blank latency means not instrumented in latest diagnostics,/private/tmp/chungmaru-android-pipeline-benchmark-20260602T174241/runs/20260602T174241-s12345_full-2
20260602T174241-s12345_full-3,s12345_full,1+2+3+4+5,pipeline-01-02-03-04-05,01,collect,Accessibility Service,yes,757,collect_ms,,node_collection_ms,screen_candidates,17,node_count,8,candidate extraction total; submetrics include node collection, ROI planning, candidate extraction, post processing,/private/tmp/chungmaru-android-pipeline-benchmark-20260602T174241/runs/20260602T174241-s12345_full-3
20260602T174241-s12345_full-3,s12345_full,1+2+3+4+5,pipeline-01-02-03-04-05,02,analyze,Android Analysis API,yes,257,backend_api_ms,398,backend_e2e_ms,offensive,2,filtered,1,backend/API analysis and masking decision,/private/tmp/chungmaru-android-pipeline-benchmark-20260602T174241/runs/20260602T174241-s12345_full-3
20260602T174241-s12345_full-3,s12345_full,1+2+3+4+5,pipeline-01-02-03-04-05,03,ocr_roi,OCR ROI,yes,352,ocr_ms,,visual_roi_planning_ms,visual_roi_selected,1,visual_ocr_selected,1,ROI-limited OCR supplement,/private/tmp/chungmaru-android-pipeline-benchmark-20260602T174241/runs/20260602T174241-s12345_full-3
20260602T174241-s12345_full-3,s12345_full,1+2+3+4+5,pipeline-01-02-03-04-05,04,coordinate,char box / line estimate,yes,76,coord_ms,76,candidate_parallel_wait_ms,char_range_candidates,3,overlay_candidates,3,coordinate recovery and renderable mask planning,/private/tmp/chungmaru-android-pipeline-benchmark-20260602T174241/runs/20260602T174241-s12345_full-3
20260602T174241-s12345_full-3,s12345_full,1+2+3+4+5,pipeline-01-02-03-04-05,05,display,overlay gate,yes,353,display_ms,,candidate_post_processing_ms,overlay_rendered,3,visual_ocr_raw,1,overlay render/gate; blank latency means not instrumented in latest diagnostics,/private/tmp/chungmaru-android-pipeline-benchmark-20260602T174241/runs/20260602T174241-s12345_full-3
20260602T174241-s12345_full-4,s12345_full,1+2+3+4+5,pipeline-01-02-03-04-05,01,collect,Accessibility Service,yes,718,collect_ms,,node_collection_ms,screen_candidates,17,node_count,8,candidate extraction total; submetrics include node collection, ROI planning, candidate extraction, post processing,/private/tmp/chungmaru-android-pipeline-benchmark-20260602T174241/runs/20260602T174241-s12345_full-4
20260602T174241-s12345_full-4,s12345_full,1+2+3+4+5,pipeline-01-02-03-04-05,02,analyze,Android Analysis API,yes,753,backend_api_ms,205,backend_e2e_ms,offensive,2,filtered,1,backend/API analysis and masking decision,/private/tmp/chungmaru-android-pipeline-benchmark-20260602T174241/runs/20260602T174241-s12345_full-4
20260602T174241-s12345_full-4,s12345_full,1+2+3+4+5,pipeline-01-02-03-04-05,03,ocr_roi,OCR ROI,yes,373,ocr_ms,,visual_roi_planning_ms,visual_roi_selected,1,visual_ocr_selected,1,ROI-limited OCR supplement,/private/tmp/chungmaru-android-pipeline-benchmark-20260602T174241/runs/20260602T174241-s12345_full-4
20260602T174241-s12345_full-4,s12345_full,1+2+3+4+5,pipeline-01-02-03-04-05,04,coordinate,char box / line estimate,yes,130,coord_ms,130,candidate_parallel_wait_ms,char_range_candidates,3,overlay_candidates,3,coordinate recovery and renderable mask planning,/private/tmp/chungmaru-android-pipeline-benchmark-20260602T174241/runs/20260602T174241-s12345_full-4
20260602T174241-s12345_full-4,s12345_full,1+2+3+4+5,pipeline-01-02-03-04-05,05,display,overlay gate,yes,198,display_ms,,candidate_post_processing_ms,overlay_rendered,3,visual_ocr_raw,1,overlay render/gate; blank latency means not instrumented in latest diagnostics,/private/tmp/chungmaru-android-pipeline-benchmark-20260602T174241/runs/20260602T174241-s12345_full-4
20260602T174241-s12345_full-5,s12345_full,1+2+3+4+5,pipeline-01-02-03-04-05,01,collect,Accessibility Service,yes,752,collect_ms,,node_collection_ms,screen_candidates,17,node_count,0,candidate extraction total; submetrics include node collection, ROI planning, candidate extraction, post processing,/private/tmp/chungmaru-android-pipeline-benchmark-20260602T174241/runs/20260602T174241-s12345_full-5
20260602T174241-s12345_full-5,s12345_full,1+2+3+4+5,pipeline-01-02-03-04-05,02,analyze,Android Analysis API,yes,326,backend_api_ms,,backend_e2e_ms,offensive,2,filtered,0,backend/API analysis and masking decision,/private/tmp/chungmaru-android-pipeline-benchmark-20260602T174241/runs/20260602T174241-s12345_full-5
20260602T174241-s12345_full-5,s12345_full,1+2+3+4+5,pipeline-01-02-03-04-05,03,ocr_roi,OCR ROI,yes,370,ocr_ms,,visual_roi_planning_ms,visual_roi_selected,1,visual_ocr_selected,0,ROI-limited OCR supplement,/private/tmp/chungmaru-android-pipeline-benchmark-20260602T174241/runs/20260602T174241-s12345_full-5
20260602T174241-s12345_full-5,s12345_full,1+2+3+4+5,pipeline-01-02-03-04-05,04,coordinate,char box / line estimate,yes,46,coord_ms,46,candidate_parallel_wait_ms,char_range_candidates,3,overlay_candidates,3,coordinate recovery and renderable mask planning,/private/tmp/chungmaru-android-pipeline-benchmark-20260602T174241/runs/20260602T174241-s12345_full-5
20260602T174241-s12345_full-5,s12345_full,1+2+3+4+5,pipeline-01-02-03-04-05,05,display,overlay gate,yes,39,display_ms,,candidate_post_processing_ms,overlay_rendered,3,visual_ocr_raw,0,overlay render/gate; blank latency means not instrumented in latest diagnostics,/private/tmp/chungmaru-android-pipeline-benchmark-20260602T174241/runs/20260602T174241-s12345_full-5
20260602T174241-s12345_full-6,s12345_full,1+2+3+4+5,pipeline-01-02-03-04-05,01,collect,Accessibility Service,yes,677,collect_ms,,node_collection_ms,screen_candidates,17,node_count,0,candidate extraction total; submetrics include node collection, ROI planning, candidate extraction, post processing,/private/tmp/chungmaru-android-pipeline-benchmark-20260602T174241/runs/20260602T174241-s12345_full-6
20260602T174241-s12345_full-6,s12345_full,1+2+3+4+5,pipeline-01-02-03-04-05,02,analyze,Android Analysis API,yes,255,backend_api_ms,,backend_e2e_ms,offensive,2,filtered,0,backend/API analysis and masking decision,/private/tmp/chungmaru-android-pipeline-benchmark-20260602T174241/runs/20260602T174241-s12345_full-6
20260602T174241-s12345_full-6,s12345_full,1+2+3+4+5,pipeline-01-02-03-04-05,03,ocr_roi,OCR ROI,yes,340,ocr_ms,,visual_roi_planning_ms,visual_roi_selected,2,visual_ocr_selected,1,ROI-limited OCR supplement,/private/tmp/chungmaru-android-pipeline-benchmark-20260602T174241/runs/20260602T174241-s12345_full-6
20260602T174241-s12345_full-6,s12345_full,1+2+3+4+5,pipeline-01-02-03-04-05,04,coordinate,char box / line estimate,yes,42,coord_ms,42,candidate_parallel_wait_ms,char_range_candidates,3,overlay_candidates,4,coordinate recovery and renderable mask planning,/private/tmp/chungmaru-android-pipeline-benchmark-20260602T174241/runs/20260602T174241-s12345_full-6
20260602T174241-s12345_full-6,s12345_full,1+2+3+4+5,pipeline-01-02-03-04-05,05,display,overlay gate,yes,32,display_ms,,candidate_post_processing_ms,overlay_rendered,4,visual_ocr_raw,1,overlay render/gate; blank latency means not instrumented in latest diagnostics,/private/tmp/chungmaru-android-pipeline-benchmark-20260602T174241/runs/20260602T174241-s12345_full-6
20260602T174241-s12345_full-7,s12345_full,1+2+3+4+5,pipeline-01-02-03-04-05,01,collect,Accessibility Service,yes,627,collect_ms,,node_collection_ms,screen_candidates,17,node_count,0,candidate extraction total; submetrics include node collection, ROI planning, candidate extraction, post processing,/private/tmp/chungmaru-android-pipeline-benchmark-20260602T174241/runs/20260602T174241-s12345_full-7
20260602T174241-s12345_full-7,s12345_full,1+2+3+4+5,pipeline-01-02-03-04-05,02,analyze,Android Analysis API,yes,286,backend_api_ms,,backend_e2e_ms,offensive,2,filtered,0,backend/API analysis and masking decision,/private/tmp/chungmaru-android-pipeline-benchmark-20260602T174241/runs/20260602T174241-s12345_full-7
20260602T174241-s12345_full-7,s12345_full,1+2+3+4+5,pipeline-01-02-03-04-05,03,ocr_roi,OCR ROI,yes,329,ocr_ms,,visual_roi_planning_ms,visual_roi_selected,2,visual_ocr_selected,1,ROI-limited OCR supplement,/private/tmp/chungmaru-android-pipeline-benchmark-20260602T174241/runs/20260602T174241-s12345_full-7
20260602T174241-s12345_full-7,s12345_full,1+2+3+4+5,pipeline-01-02-03-04-05,04,coordinate,char box / line estimate,yes,40,coord_ms,40,candidate_parallel_wait_ms,char_range_candidates,3,overlay_candidates,4,coordinate recovery and renderable mask planning,/private/tmp/chungmaru-android-pipeline-benchmark-20260602T174241/runs/20260602T174241-s12345_full-7
20260602T174241-s12345_full-7,s12345_full,1+2+3+4+5,pipeline-01-02-03-04-05,05,display,overlay gate,yes,14,display_ms,,candidate_post_processing_ms,overlay_rendered,4,visual_ocr_raw,2,overlay render/gate; blank latency means not instrumented in latest diagnostics,/private/tmp/chungmaru-android-pipeline-benchmark-20260602T174241/runs/20260602T174241-s12345_full-7
20260602T174241-s12345_full-8,s12345_full,1+2+3+4+5,pipeline-01-02-03-04-05,01,collect,Accessibility Service,yes,778,collect_ms,,node_collection_ms,screen_candidates,17,node_count,0,candidate extraction total; submetrics include node collection, ROI planning, candidate extraction, post processing,/private/tmp/chungmaru-android-pipeline-benchmark-20260602T174241/runs/20260602T174241-s12345_full-8
20260602T174241-s12345_full-8,s12345_full,1+2+3+4+5,pipeline-01-02-03-04-05,02,analyze,Android Analysis API,yes,223,backend_api_ms,,backend_e2e_ms,offensive,2,filtered,0,backend/API analysis and masking decision,/private/tmp/chungmaru-android-pipeline-benchmark-20260602T174241/runs/20260602T174241-s12345_full-8
20260602T174241-s12345_full-8,s12345_full,1+2+3+4+5,pipeline-01-02-03-04-05,03,ocr_roi,OCR ROI,yes,357,ocr_ms,,visual_roi_planning_ms,visual_roi_selected,2,visual_ocr_selected,1,ROI-limited OCR supplement,/private/tmp/chungmaru-android-pipeline-benchmark-20260602T174241/runs/20260602T174241-s12345_full-8
20260602T174241-s12345_full-8,s12345_full,1+2+3+4+5,pipeline-01-02-03-04-05,04,coordinate,char box / line estimate,yes,25,coord_ms,25,candidate_parallel_wait_ms,char_range_candidates,3,overlay_candidates,4,coordinate recovery and renderable mask planning,/private/tmp/chungmaru-android-pipeline-benchmark-20260602T174241/runs/20260602T174241-s12345_full-8
20260602T174241-s12345_full-8,s12345_full,1+2+3+4+5,pipeline-01-02-03-04-05,05,display,overlay gate,yes,10,display_ms,,candidate_post_processing_ms,overlay_rendered,4,visual_ocr_raw,1,overlay render/gate; blank latency means not instrumented in latest diagnostics,/private/tmp/chungmaru-android-pipeline-benchmark-20260602T174241/runs/20260602T174241-s12345_full-8
20260602T174241-s12345_full-9,s12345_full,1+2+3+4+5,pipeline-01-02-03-04-05,01,collect,Accessibility Service,yes,507,collect_ms,,node_collection_ms,screen_candidates,17,node_count,8,candidate extraction total; submetrics include node collection, ROI planning, candidate extraction, post processing,/private/tmp/chungmaru-android-pipeline-benchmark-20260602T174241/runs/20260602T174241-s12345_full-9
20260602T174241-s12345_full-9,s12345_full,1+2+3+4+5,pipeline-01-02-03-04-05,02,analyze,Android Analysis API,yes,201,backend_api_ms,167,backend_e2e_ms,offensive,2,filtered,1,backend/API analysis and masking decision,/private/tmp/chungmaru-android-pipeline-benchmark-20260602T174241/runs/20260602T174241-s12345_full-9
20260602T174241-s12345_full-9,s12345_full,1+2+3+4+5,pipeline-01-02-03-04-05,03,ocr_roi,OCR ROI,yes,328,ocr_ms,,visual_roi_planning_ms,visual_roi_selected,2,visual_ocr_selected,1,ROI-limited OCR supplement,/private/tmp/chungmaru-android-pipeline-benchmark-20260602T174241/runs/20260602T174241-s12345_full-9
20260602T174241-s12345_full-9,s12345_full,1+2+3+4+5,pipeline-01-02-03-04-05,04,coordinate,char box / line estimate,yes,19,coord_ms,19,candidate_parallel_wait_ms,char_range_candidates,3,overlay_candidates,3,coordinate recovery and renderable mask planning,/private/tmp/chungmaru-android-pipeline-benchmark-20260602T174241/runs/20260602T174241-s12345_full-9
20260602T174241-s12345_full-9,s12345_full,1+2+3+4+5,pipeline-01-02-03-04-05,05,display,overlay gate,yes,160,display_ms,,candidate_post_processing_ms,overlay_rendered,3,visual_ocr_raw,1,overlay render/gate; blank latency means not instrumented in latest diagnostics,/private/tmp/chungmaru-android-pipeline-benchmark-20260602T174241/runs/20260602T174241-s12345_full-9
20260602T174241-s12345_full-10,s12345_full,1+2+3+4+5,pipeline-01-02-03-04-05,01,collect,Accessibility Service,yes,458,collect_ms,,node_collection_ms,screen_candidates,17,node_count,8,candidate extraction total; submetrics include node collection, ROI planning, candidate extraction, post processing,/private/tmp/chungmaru-android-pipeline-benchmark-20260602T174241/runs/20260602T174241-s12345_full-10
20260602T174241-s12345_full-10,s12345_full,1+2+3+4+5,pipeline-01-02-03-04-05,02,analyze,Android Analysis API,yes,212,backend_api_ms,163,backend_e2e_ms,offensive,2,filtered,1,backend/API analysis and masking decision,/private/tmp/chungmaru-android-pipeline-benchmark-20260602T174241/runs/20260602T174241-s12345_full-10
20260602T174241-s12345_full-10,s12345_full,1+2+3+4+5,pipeline-01-02-03-04-05,03,ocr_roi,OCR ROI,yes,221,ocr_ms,,visual_roi_planning_ms,visual_roi_selected,2,visual_ocr_selected,1,ROI-limited OCR supplement,/private/tmp/chungmaru-android-pipeline-benchmark-20260602T174241/runs/20260602T174241-s12345_full-10
20260602T174241-s12345_full-10,s12345_full,1+2+3+4+5,pipeline-01-02-03-04-05,04,coordinate,char box / line estimate,yes,29,coord_ms,29,candidate_parallel_wait_ms,char_range_candidates,3,overlay_candidates,3,coordinate recovery and renderable mask planning,/private/tmp/chungmaru-android-pipeline-benchmark-20260602T174241/runs/20260602T174241-s12345_full-10
20260602T174241-s12345_full-10,s12345_full,1+2+3+4+5,pipeline-01-02-03-04-05,05,display,overlay gate,yes,157,display_ms,,candidate_post_processing_ms,overlay_rendered,3,visual_ocr_raw,1,overlay render/gate; blank latency means not instrumented in latest diagnostics,/private/tmp/chungmaru-android-pipeline-benchmark-20260602T174241/runs/20260602T174241-s12345_full-10
